audit_id,created_at_utc,created_at_local,iteration,thesis_id,instrument,direction,strategy_id,confidence_tese_pct,expected_financial_pct,realized_financial_pct,requested_instruments
1615,2026-05-02T01:51:05+00:00,2026-05-01T22:51:05-03:00,1,TH-PRIO3-bullish-9855,PRIO3,bullish,BULL_CALL_SPREAD,72.5161,3.9218,5.4,"RAIL3,LREN3,SUZB3,PRIO3,VALE3,RENT3,B3SA3"
1620,2026-05-02T01:51:37+00:00,2026-05-01T22:51:37-03:00,2,TH-SUZB3-bullish-14439,SUZB3,bullish,BULL_CALL_SPREAD,71.2861,3.784,-0.3576,"BBAS3,VBBR3,RENT3,WEGE3,SUZB3,RADL3"
1625,2026-05-02T01:52:07+00:00,2026-05-01T22:52:07-03:00,3,TH-SUZB3-bullish-13205,SUZB3,bullish,BULL_CALL_SPREAD,71.2861,3.784,-0.3576,"ITUB4,RENT3,BBAS3,SUZB3,JBSS3,VBBR3"
1632,2026-05-02T01:52:39+00:00,2026-05-01T22:52:39-03:00,4,TH-SUZB3-bullish-16962,SUZB3,bullish,BULL_CALL_SPREAD,71.2861,3.784,-0.3576,"RENT3,JBSS3,ITUB4,LREN3,SUZB3,RADL3"
1637,2026-05-02T01:53:20+00:00,2026-05-01T22:53:20-03:00,5,TH-PETR4-bullish-19531,PETR4,bullish,BULL_CALL_SPREAD,80.5787,4.8248,3.1405,"RADL3,JBSS3,LREN3,CMIG4,PETR4,BPAC11,RENT3,HAPV3"
1642,2026-05-02T01:53:43+00:00,2026-05-01T22:53:43-03:00,6,TH-BPAC11-bullish-9028,BPAC11,bullish,BULL_CALL_SPREAD,71.3538,3.7916,-2.2,"ITUB4,RENT3,BPAC11,BBDC4"
1649,2026-05-02T01:54:22+00:00,2026-05-01T22:54:22-03:00,7,TH-PETR4-bullish-5628,PETR4,bullish,BULL_CALL_SPREAD,80.5787,4.8248,3.1405,"HAPV3,PETR4,VALE3,BPAC11,ABEV3,CMIG4,LREN3,BBAS3"
1654,2026-05-02T01:54:48+00:00,2026-05-01T22:54:48-03:00,8,TH-HAPV3-bearish-6808,HAPV3,bearish,BEAR_PUT_SPREAD,72.3877,3.9074,5.2,"SUZB3,ABEV3,HAPV3,RAIL3,BBAS3,WEGE3"
1659,2026-05-02T01:55:26+00:00,2026-05-01T22:55:26-03:00,9,TH-PETR4-bullish-7832,PETR4,bullish,BULL_CALL_SPREAD,80.5787,4.8248,3.1405,"HAPV3,SUZB3,PETR4,VALE3,B3SA3,VBBR3,CMIG4,BBDC4"
1664,2026-05-02T01:56:02+00:00,2026-05-01T22:56:02-03:00,10,TH-PETR4-bullish-9644,PETR4,bullish,BULL_CALL_SPREAD,80.5787,4.8248,3.1405,"JBSS3,BPAC11,PETR4,LREN3,WEGE3,HAPV3,SUZB3,VBBR3"
1671,2026-05-02T01:56:34+00:00,2026-05-01T22:56:34-03:00,11,TH-JBSS3-bullish-14115,JBSS3,bullish,BULL_CALL_SPREAD,71.172,3.7713,5.4,"B3SA3,RAIL3,ITUB4,BBDC4,JBSS3,CMIG4,VBBR3,WEGE3"
1676,2026-05-02T01:57:07+00:00,2026-05-01T22:57:07-03:00,12,TH-PRIO3-bullish-19221,PRIO3,bullish,BULL_CALL_SPREAD,72.5161,3.9218,5.4,"RENT3,WEGE3,GGBR4,LREN3,VBBR3,PRIO3,JBSS3,HAPV3"
1681,2026-05-02T01:57:30+00:00,2026-05-01T22:57:30-03:00,13,TH-B3SA3-bearish-1294,B3SA3,bearish,BEAR_PUT_SPREAD,70.2572,3.6688,4.1816,"VBBR3,B3SA3,VALE3,BBAS3,BBDC4"
1686,2026-05-02T01:57:58+00:00,2026-05-01T22:57:58-03:00,14,TH-PETR4-bullish-18622,PETR4,bullish,BULL_CALL_SPREAD,80.5787,4.8248,3.1405,"BPAC11,BBDC4,GGBR4,VALE3,PETR4"
1693,2026-05-02T01:58:20+00:00,2026-05-01T22:58:20-03:00,15,TH-RENT3-bullish-0110,RENT3,bullish,BULL_CALL_SPREAD,70.5084,3.6969,-1.383,"RENT3,BBAS3,B3SA3,WEGE3"
1698,2026-05-02T01:58:39+00:00,2026-05-01T22:58:39-03:00,16,TH-JBSS3-bullish-3456,JBSS3,bullish,BULL_CALL_SPREAD,71.172,3.7713,5.4,"RAIL3,JBSS3,VALE3,B3SA3"
1703,2026-05-02T01:59:06+00:00,2026-05-01T22:59:06-03:00,17,TH-PETR4-bullish-16536,PETR4,bullish,BULL_CALL_SPREAD,80.5787,4.8248,3.1405,"RAIL3,CMIG4,SUZB3,VALE3,PETR4"
1710,2026-05-02T01:59:43+00:00,2026-05-01T22:59:43-03:00,18,TH-PETR4-bullish-18596,PETR4,bullish,BULL_CALL_SPREAD,80.5787,4.8248,3.1405,"BBAS3,RAIL3,CMIG4,VALE3,PETR4,ITUB4,RADL3"
1715,2026-05-02T02:00:14+00:00,2026-05-01T23:00:14-03:00,19,TH-HAPV3-bearish-1315,HAPV3,bearish,BEAR_PUT_SPREAD,72.3877,3.9074,5.2,"HAPV3,ITUB4,RENT3,BBDC4,VBBR3,GGBR4,RAIL3"
1720,2026-05-02T02:00:38+00:00,2026-05-01T23:00:38-03:00,20,TH-HAPV3-bearish-13569,HAPV3,bearish,BEAR_PUT_SPREAD,72.3877,3.9074,5.2,"RADL3,BBAS3,LREN3,HAPV3,VALE3"
1725,2026-05-02T02:01:05+00:00,2026-05-01T23:01:05-03:00,21,TH-GGBR4-bullish-14958,GGBR4,bullish,BULL_CALL_SPREAD,70.4848,3.6943,-2.2,"B3SA3,LREN3,WEGE3,BBDC4,GGBR4"
1732,2026-05-02T02:01:30+00:00,2026-05-01T23:01:30-03:00,22,TH-JBSS3-bullish-6145,JBSS3,bullish,BULL_CALL_SPREAD,71.172,3.7713,5.4,"RADL3,VBBR3,JBSS3,BBAS3,VALE3"
1735,2026-05-02T02:01:49+00:00,2026-05-01T23:01:49-03:00,23,TH-HAPV3-bearish-7292,HAPV3,bearish,BEAR_PUT_SPREAD,72.3877,3.9074,5.2,"SUZB3,RADL3,HAPV3,LREN3"
1740,2026-05-02T02:02:12+00:00,2026-05-01T23:02:12-03:00,24,TH-WEGE3-bullish-3499,WEGE3,bullish,BULL_CALL_SPREAD,73.6673,4.0507,5.0827,"WEGE3,BBDC4,ITUB4,RADL3"
1745,2026-05-02T02:02:57+00:00,2026-05-01T23:02:57-03:00,25,TH-PETR4-bullish-24310,PETR4,bullish,BULL_CALL_SPREAD,80.5787,4.8248,3.1405,"LREN3,GGBR4,JBSS3,RENT3,BBDC4,PETR4,BBAS3"
1750,2026-05-02T02:03:23+00:00,2026-05-01T23:03:23-03:00,26,TH-BPAC11-bullish-8428,BPAC11,bullish,BULL_CALL_SPREAD,71.3538,3.7916,-2.2,"RAIL3,VBBR3,CMIG4,BPAC11,JBSS3"
1755,2026-05-02T02:03:50+00:00,2026-05-01T23:03:50-03:00,27,TH-JBSS3-bullish-1094,JBSS3,bullish,BULL_CALL_SPREAD,71.172,3.7713,5.4,"JBSS3,B3SA3,LREN3,RADL3,VALE3"
1760,2026-05-02T02:04:15+00:00,2026-05-01T23:04:15-03:00,28,TH-HAPV3-bearish-5538,HAPV3,bearish,BEAR_PUT_SPREAD,72.3877,3.9074,5.2,"CMIG4,HAPV3,ITUB4,B3SA3,BPAC11"
1765,2026-05-02T02:04:46+00:00,2026-05-01T23:04:46-03:00,29,TH-PETR4-bullish-5840,PETR4,bullish,BULL_CALL_SPREAD,80.5787,4.8248,3.1405,"BPAC11,PETR4,RENT3,PRIO3,HAPV3"
1770,2026-05-02T02:05:23+00:00,2026-05-01T23:05:23-03:00,30,TH-HAPV3-bearish-9314,HAPV3,bearish,BEAR_PUT_SPREAD,72.3877,3.9074,5.2,"RADL3,RENT3,HAPV3,ITUB4,VALE3,B3SA3"
1775,2026-05-02T02:05:52+00:00,2026-05-01T23:05:52-03:00,31,TH-HAPV3-bearish-17791,HAPV3,bearish,BEAR_PUT_SPREAD,72.3877,3.9074,5.2,"BPAC11,RAIL3,GGBR4,ABEV3,BBAS3,HAPV3"
1780,2026-05-02T02:06:30+00:00,2026-05-01T23:06:30-03:00,32,TH-PRIO3-bullish-14994,PRIO3,bullish,BULL_CALL_SPREAD,72.5161,3.9218,5.4,"RADL3,ITUB4,JBSS3,B3SA3,PRIO3,GGBR4,RENT3"
1787,2026-05-02T02:06:53+00:00,2026-05-01T23:06:53-03:00,33,TH-HAPV3-bearish-5538,HAPV3,bearish,BEAR_PUT_SPREAD,72.3877,3.9074,5.2,"CMIG4,HAPV3,GGBR4,B3SA3,RADL3,JBSS3,VBBR3"
1792,2026-05-02T02:07:19+00:00,2026-05-01T23:07:19-03:00,34,TH-PRIO3-bullish-3180,PRIO3,bullish,BULL_CALL_SPREAD,72.5161,3.9218,5.4,"B3SA3,PRIO3,WEGE3,GGBR4,SUZB3,RADL3"
1797,2026-05-02T02:07:51+00:00,2026-05-01T23:07:51-03:00,35,TH-PETR4-bullish-18275,PETR4,bullish,BULL_CALL_SPREAD,80.5787,4.8248,3.1405,"B3SA3,ITUB4,WEGE3,CMIG4,PETR4,BPAC11,HAPV3,GGBR4"
1804,2026-05-02T02:08:20+00:00,2026-05-01T23:08:20-03:00,36,TH-PRIO3-bullish-3398,PRIO3,bullish,BULL_CALL_SPREAD,72.5161,3.9218,5.4,"BPAC11,PRIO3,HAPV3,GGBR4,RENT3,LREN3,ITUB4"
1807,2026-05-02T02:08:41+00:00,2026-05-01T23:08:41-03:00,37,TH-B3SA3-bearish-0016,B3SA3,bearish,BEAR_PUT_SPREAD,70.2572,3.6688,4.1816,"B3SA3,BBDC4,BBAS3,WEGE3"
1812,2026-05-02T02:09:01+00:00,2026-05-01T23:09:01-03:00,38,TH-BPAC11-bullish-0565,BPAC11,bullish,BULL_CALL_SPREAD,71.3538,3.7916,-2.2,"BPAC11,GGBR4,ABEV3,RENT3"
1819,2026-05-02T02:09:31+00:00,2026-05-01T23:09:31-03:00,39,TH-PRIO3-bullish-1072,PRIO3,bullish,BULL_CALL_SPREAD,72.5161,3.9218,5.4,"PRIO3,BBAS3,JBSS3,BPAC11,WEGE3,HAPV3,ITUB4"
1826,2026-05-02T02:09:54+00:00,2026-05-01T23:09:54-03:00,40,TH-PRIO3-bullish-5307,PRIO3,bullish,BULL_CALL_SPREAD,72.5161,3.9218,5.4,"GGBR4,PRIO3,B3SA3,BBAS3,HAPV3"
1831,2026-05-02T02:10:24+00:00,2026-05-01T23:10:24-03:00,41,TH-PETR4-bullish-18402,PETR4,bullish,BULL_CALL_SPREAD,80.5787,4.8248,3.1405,"CMIG4,HAPV3,ITUB4,BBDC4,PETR4,JBSS3"
1836,2026-05-02T02:10:45+00:00,2026-05-01T23:10:45-03:00,42,TH-SUZB3-bullish-4695,SUZB3,bullish,BULL_CALL_SPREAD,71.2861,3.784,-0.3576,"LREN3,SUZB3,CMIG4,BBDC4"
1843,2026-05-02T02:11:12+00:00,2026-05-01T23:11:12-03:00,43,TH-PETR4-bullish-4792,PETR4,bullish,BULL_CALL_SPREAD,80.5787,4.8248,3.1405,"VBBR3,PETR4,BBAS3,GGBR4,ABEV3"
1848,2026-05-02T02:11:43+00:00,2026-05-01T23:11:43-03:00,44,TH-PETR4-bullish-21219,PETR4,bullish,BULL_CALL_SPREAD,80.5787,4.8248,3.1405,"SUZB3,PRIO3,B3SA3,GGBR4,HAPV3,LREN3,PETR4"
1853,2026-05-02T02:12:15+00:00,2026-05-01T23:12:15-03:00,45,TH-PRIO3-bullish-12067,PRIO3,bullish,BULL_CALL_SPREAD,72.5161,3.9218,5.4,"VBBR3,BBDC4,ABEV3,HAPV3,PRIO3,RADL3,BBAS3,CMIG4"
1858,2026-05-02T02:12:41+00:00,2026-05-01T23:12:41-03:00,46,TH-PRIO3-bullish-5289,PRIO3,bullish,BULL_CALL_SPREAD,72.5161,3.9218,5.4,"LREN3,PRIO3,RAIL3,CMIG4,VBBR3,BPAC11"
1863,2026-05-02T02:13:08+00:00,2026-05-01T23:13:08-03:00,47,TH-HAPV3-bearish-5119,HAPV3,bearish,BEAR_PUT_SPREAD,72.3877,3.9074,5.2,"JBSS3,HAPV3,LREN3,RAIL3,VBBR3,B3SA3,ABEV3,SUZB3"
1868,2026-05-02T02:13:35+00:00,2026-05-01T23:13:35-03:00,48,TH-PRIO3-bullish-1072,PRIO3,bullish,BULL_CALL_SPREAD,72.5161,3.9218,5.4,"PRIO3,ABEV3,WEGE3,VBBR3,HAPV3,ITUB4"
1873,2026-05-02T02:14:06+00:00,2026-05-01T23:14:06-03:00,49,TH-HAPV3-bearish-22073,HAPV3,bearish,BEAR_PUT_SPREAD,72.3877,3.9074,5.2,"JBSS3,RENT3,WEGE3,SUZB3,B3SA3,CMIG4,HAPV3,VBBR3"
1878,2026-05-02T02:14:29+00:00,2026-05-01T23:14:29-03:00,50,TH-HAPV3-bearish-11061,HAPV3,bearish,BEAR_PUT_SPREAD,72.3877,3.9074,5.2,"VBBR3,VALE3,GGBR4,HAPV3,RENT3"
1885,2026-05-02T02:15:04+00:00,2026-05-01T23:15:04-03:00,51,TH-PETR4-bullish-18566,PETR4,bullish,BULL_CALL_SPREAD,80.5787,4.8248,3.1405,"BBAS3,RAIL3,VALE3,WEGE3,PETR4,BBDC4,ITUB4"
1890,2026-05-02T02:15:26+00:00,2026-05-01T23:15:26-03:00,52,TH-BPAC11-bullish-9112,BPAC11,bullish,BULL_CALL_SPREAD,71.3538,3.7916,-2.2,"VALE3,BBDC4,BPAC11,CMIG4,RAIL3"
1895,2026-05-02T02:15:59+00:00,2026-05-01T23:15:59-03:00,53,TH-PETR4-bullish-3514,PETR4,bullish,BULL_CALL_SPREAD,80.5787,4.8248,3.1405,"PETR4,ITUB4,JBSS3,CMIG4,PRIO3"
1900,2026-05-02T02:16:39+00:00,2026-05-01T23:16:39-03:00,54,TH-PETR4-bullish-32240,PETR4,bullish,BULL_CALL_SPREAD,80.5787,4.8248,3.1405,"BBAS3,BBDC4,ABEV3,LREN3,RENT3,CMIG4,WEGE3,PETR4"
1905,2026-05-02T02:17:06+00:00,2026-05-01T23:17:06-03:00,55,TH-PETR4-bullish-7747,PETR4,bullish,BULL_CALL_SPREAD,80.5787,4.8248,3.1405,"VALE3,PETR4,BBAS3,VBBR3"
1910,2026-05-02T02:17:30+00:00,2026-05-01T23:17:30-03:00,56,TH-PRIO3-bullish-2350,PRIO3,bullish,BULL_CALL_SPREAD,72.5161,3.9218,5.4,"VBBR3,PRIO3,LREN3,WEGE3"
1917,2026-05-02T02:17:51+00:00,2026-05-01T23:17:51-03:00,57,TH-HAPV3-bearish-7756,HAPV3,bearish,BEAR_PUT_SPREAD,72.3877,3.9074,5.2,"SUZB3,ITUB4,HAPV3,B3SA3,BPAC11"
1922,2026-05-02T02:18:19+00:00,2026-05-01T23:18:19-03:00,58,TH-SUZB3-bullish-4711,SUZB3,bullish,BULL_CALL_SPREAD,71.2861,3.784,-0.3576,"VALE3,SUZB3,RADL3,B3SA3,RENT3,WEGE3"
1927,2026-05-02T02:18:45+00:00,2026-05-01T23:18:45-03:00,59,TH-JBSS3-bullish-1094,JBSS3,bullish,BULL_CALL_SPREAD,71.172,3.7713,5.4,"JBSS3,RADL3,WEGE3,GGBR4,VALE3"
1932,2026-05-02T02:19:15+00:00,2026-05-01T23:19:15-03:00,60,TH-PETR4-bullish-10075,PETR4,bullish,BULL_CALL_SPREAD,80.5787,4.8248,3.1405,"GGBR4,BPAC11,PETR4,HAPV3,SUZB3,VALE3"
1939,2026-05-02T02:19:48+00:00,2026-05-01T23:19:48-03:00,61,TH-PRIO3-bullish-1072,PRIO3,bullish,BULL_CALL_SPREAD,72.5161,3.9218,5.4,"PRIO3,WEGE3,VBBR3,RADL3,JBSS3,BBAS3,ABEV3,RAIL3"
1946,2026-05-02T02:20:17+00:00,2026-05-01T23:20:17-03:00,62,TH-PETR4-bullish-8449,PETR4,bullish,BULL_CALL_SPREAD,80.5787,4.8248,3.1405,"PRIO3,B3SA3,PETR4,VALE3,WEGE3"
1951,2026-05-02T02:20:47+00:00,2026-05-01T23:20:47-03:00,63,TH-PETR4-bullish-18104,PETR4,bullish,BULL_CALL_SPREAD,80.5787,4.8248,3.1405,"BPAC11,CMIG4,ITUB4,JBSS3,PETR4,VBBR3"
1956,2026-05-02T02:21:18+00:00,2026-05-01T23:21:18-03:00,64,TH-JBSS3-bullish-20100,JBSS3,bullish,BULL_CALL_SPREAD,71.172,3.7713,5.4,"WEGE3,ITUB4,GGBR4,VALE3,B3SA3,JBSS3,VBBR3"
1963,2026-05-02T02:21:51+00:00,2026-05-01T23:21:51-03:00,65,TH-PETR4-bullish-15229,PETR4,bullish,BULL_CALL_SPREAD,80.5787,4.8248,3.1405,"ABEV3,WEGE3,VALE3,PETR4,GGBR4"
1968,2026-05-02T02:22:33+00:00,2026-05-01T23:22:33-03:00,66,TH-PETR4-bullish-19021,PETR4,bullish,BULL_CALL_SPREAD,80.5787,4.8248,3.1405,"RENT3,ITUB4,LREN3,PRIO3,PETR4,BPAC11,RAIL3"
1973,2026-05-02T02:23:07+00:00,2026-05-01T23:23:07-03:00,67,TH-PRIO3-bullish-4845,PRIO3,bullish,BULL_CALL_SPREAD,72.5161,3.9218,5.4,"RADL3,PRIO3,BBDC4,CMIG4,GGBR4,BBAS3"
1980,2026-05-02T02:23:36+00:00,2026-05-01T23:23:36-03:00,68,TH-PRIO3-bullish-5295,PRIO3,bullish,BULL_CALL_SPREAD,72.5161,3.9218,5.4,"CMIG4,PRIO3,B3SA3,RADL3,BPAC11,ITUB4"
1983,2026-05-02T02:23:56+00:00,2026-05-01T23:23:56-03:00,69,TH-HAPV3-bearish-1315,HAPV3,bearish,BEAR_PUT_SPREAD,72.3877,3.9074,5.2,"HAPV3,RENT3,RAIL3,SUZB3,B3SA3"
1988,2026-05-02T02:24:18+00:00,2026-05-01T23:24:18-03:00,70,TH-BPAC11-bullish-0565,BPAC11,bullish,BULL_CALL_SPREAD,71.3538,3.7916,-2.2,"BPAC11,VBBR3,RADL3,CMIG4"
1995,2026-05-02T02:24:52+00:00,2026-05-01T23:24:52-03:00,71,TH-HAPV3-bearish-24871,HAPV3,bearish,BEAR_PUT_SPREAD,72.3877,3.9074,5.2,"BPAC11,VALE3,WEGE3,BBAS3,RENT3,BBDC4,HAPV3"
2000,2026-05-02T02:25:26+00:00,2026-05-01T23:25:26-03:00,72,TH-PETR4-bullish-15131,PETR4,bullish,BULL_CALL_SPREAD,80.5787,4.8248,3.1405,"VBBR3,ABEV3,PRIO3,CMIG4,PETR4,BPAC11"
2005,2026-05-02T02:26:02+00:00,2026-05-01T23:26:02-03:00,73,TH-PETR4-bullish-12317,PETR4,bullish,BULL_CALL_SPREAD,80.5787,4.8248,3.1405,"ITUB4,SUZB3,RAIL3,PETR4,WEGE3,VBBR3,VALE3"
2010,2026-05-02T02:26:37+00:00,2026-05-01T23:26:37-03:00,74,TH-PRIO3-bullish-23636,PRIO3,bullish,BULL_CALL_SPREAD,72.5161,3.9218,5.4,"BPAC11,WEGE3,RADL3,GGBR4,JBSS3,VALE3,PRIO3"
2015,2026-05-02T02:27:08+00:00,2026-05-01T23:27:08-03:00,75,TH-PETR4-bullish-9056,PETR4,bullish,BULL_CALL_SPREAD,80.5787,4.8248,3.1405,"VBBR3,BBAS3,PETR4,VALE3,RADL3"
2020,2026-05-02T02:27:52+00:00,2026-05-01T23:27:52-03:00,76,TH-PETR4-bullish-25470,PETR4,bullish,BULL_CALL_SPREAD,80.5787,4.8248,3.1405,"BBAS3,SUZB3,VALE3,WEGE3,GGBR4,PRIO3,PETR4,BPAC11"
2025,2026-05-02T02:28:23+00:00,2026-05-01T23:28:23-03:00,77,TH-PETR4-bullish-13994,PETR4,bullish,BULL_CALL_SPREAD,80.5787,4.8248,3.1405,"JBSS3,RAIL3,BBDC4,PETR4,CMIG4"
2032,2026-05-02T02:28:58+00:00,2026-05-01T23:28:58-03:00,78,TH-PRIO3-bullish-23254,PRIO3,bullish,BULL_CALL_SPREAD,72.5161,3.9218,5.4,"CMIG4,B3SA3,LREN3,BPAC11,VBBR3,JBSS3,RENT3,PRIO3"
2037,2026-05-02T02:29:32+00:00,2026-05-01T23:29:32-03:00,79,TH-BPAC11-bullish-12405,BPAC11,bullish,BULL_CALL_SPREAD,71.3538,3.7916,-2.2,"BBDC4,ITUB4,ABEV3,BPAC11,RADL3,LREN3"
2042,2026-05-02T02:30:06+00:00,2026-05-01T23:30:06-03:00,80,TH-GGBR4-bullish-11288,GGBR4,bullish,BULL_CALL_SPREAD,70.4848,3.6943,-2.2,"VBBR3,VALE3,RAIL3,ABEV3,GGBR4,ITUB4"
2047,2026-05-02T02:30:43+00:00,2026-05-01T23:30:43-03:00,81,TH-HAPV3-bearish-1315,HAPV3,bearish,BEAR_PUT_SPREAD,72.3877,3.9074,5.2,"HAPV3,VALE3,BBAS3,VBBR3,JBSS3,BBDC4,LREN3"
2052,2026-05-02T02:31:17+00:00,2026-05-01T23:31:17-03:00,82,TH-PRIO3-bullish-13840,PRIO3,bullish,BULL_CALL_SPREAD,72.5161,3.9218,5.4,"ITUB4,BBDC4,LREN3,PRIO3,CMIG4"
2059,2026-05-02T02:32:01+00:00,2026-05-01T23:32:01-03:00,83,TH-PETR4-bullish-3514,PETR4,bullish,BULL_CALL_SPREAD,80.5787,4.8248,3.1405,"PETR4,BPAC11,SUZB3,LREN3,JBSS3,GGBR4,RENT3,RAIL3"
2064,2026-05-02T02:32:27+00:00,2026-05-01T23:32:27-03:00,84,TH-PETR4-bullish-7948,PETR4,bullish,BULL_CALL_SPREAD,80.5787,4.8248,3.1405,"B3SA3,BPAC11,PETR4,VBBR3"
2067,2026-05-02T02:32:55+00:00,2026-05-01T23:32:55-03:00,85,TH-SUZB3-bullish-13212,SUZB3,bullish,BULL_CALL_SPREAD,71.2861,3.784,-0.3576,"ITUB4,BBAS3,VALE3,SUZB3,B3SA3"
2072,2026-05-02T02:33:26+00:00,2026-05-01T23:33:26-03:00,86,TH-PRIO3-bullish-17505,PRIO3,bullish,BULL_CALL_SPREAD,72.5161,3.9218,5.4,"SUZB3,ABEV3,RAIL3,BBAS3,BBDC4,PRIO3"
2077,2026-05-02T02:33:49+00:00,2026-05-01T23:33:49-03:00,87,TH-JBSS3-bullish-1094,JBSS3,bullish,BULL_CALL_SPREAD,71.172,3.7713,5.4,"JBSS3,VBBR3,VALE3,RADL3"
2082,2026-05-02T02:34:25+00:00,2026-05-01T23:34:25-03:00,88,TH-PETR4-bullish-14800,PETR4,bullish,BULL_CALL_SPREAD,80.5787,4.8248,3.1405,"PRIO3,VALE3,RENT3,PETR4,HAPV3,CMIG4"
2088,2026-05-02T02:34:46+00:00,2026-05-01T23:34:46-03:00,89,TH-WEGE3-bullish-7722,WEGE3,bullish,BULL_CALL_SPREAD,73.6673,4.0507,5.0827,"CMIG4,WEGE3,LREN3,ITUB4"
2091,2026-05-02T02:35:11+00:00,2026-05-01T23:35:11-03:00,90,TH-RENT3-bullish-4303,RENT3,bullish,BULL_CALL_SPREAD,70.5084,3.6969,-1.383,"WEGE3,RENT3,BBAS3,RADL3,ABEV3"
2094,2026-05-02T02:35:39+00:00,2026-05-01T23:35:39-03:00,91,TH-PETR4-bullish-7731,PETR4,bullish,BULL_CALL_SPREAD,80.5787,4.8248,3.1405,"LREN3,PETR4,JBSS3,VBBR3,GGBR4"
2097,2026-05-02T02:36:05+00:00,2026-05-01T23:36:05-03:00,92,TH-SUZB3-bullish-11292,SUZB3,bullish,BULL_CALL_SPREAD,71.2861,3.784,-0.3576,"LREN3,RAIL3,GGBR4,SUZB3,B3SA3,VBBR3,RADL3"
2100,2026-05-02T02:36:25+00:00,2026-05-01T23:36:25-03:00,93,TH-SUZB3-bullish-7104,SUZB3,bullish,BULL_CALL_SPREAD,71.2861,3.784,-0.3576,"RAIL3,BBAS3,SUZB3,JBSS3"
2103,2026-05-02T02:36:57+00:00,2026-05-01T23:36:57-03:00,94,TH-PETR4-bullish-3514,PETR4,bullish,BULL_CALL_SPREAD,80.5787,4.8248,3.1405,"PETR4,PRIO3,BPAC11,WEGE3,VALE3,CMIG4"
2106,2026-05-02T02:37:21+00:00,2026-05-01T23:37:21-03:00,95,TH-PRIO3-bullish-5542,PRIO3,bullish,BULL_CALL_SPREAD,72.5161,3.9218,5.4,"RAIL3,B3SA3,PRIO3,BBDC4,WEGE3"
2109,2026-05-02T02:37:50+00:00,2026-05-01T23:37:50-03:00,96,TH-JBSS3-bullish-1094,JBSS3,bullish,BULL_CALL_SPREAD,71.172,3.7713,5.4,"JBSS3,CMIG4,LREN3,ITUB4,RENT3,GGBR4"
2112,2026-05-02T02:38:18+00:00,2026-05-01T23:38:18-03:00,97,TH-SUZB3-bullish-18290,SUZB3,bullish,BULL_CALL_SPREAD,71.2861,3.784,-0.3576,"CMIG4,VBBR3,JBSS3,WEGE3,BBDC4,SUZB3,ABEV3"
2115,2026-05-02T02:38:43+00:00,2026-05-01T23:38:43-03:00,98,TH-JBSS3-bullish-1094,JBSS3,bullish,BULL_CALL_SPREAD,71.172,3.7713,5.4,"JBSS3,CMIG4,BBDC4,BBAS3,GGBR4"
2118,2026-05-02T02:39:06+00:00,2026-05-01T23:39:06-03:00,99,TH-RENT3-bullish-5611,RENT3,bullish,BULL_CALL_SPREAD,70.5084,3.6969,-1.383,"CMIG4,VBBR3,RENT3,BBAS3,RADL3"
2121,2026-05-02T02:39:38+00:00,2026-05-01T23:39:38-03:00,100,TH-PRIO3-bullish-9071,PRIO3,bullish,BULL_CALL_SPREAD,72.5161,3.9218,5.4,"RENT3,RADL3,PRIO3,VALE3,CMIG4,BBAS3,B3SA3"
2124,2026-05-02T02:40:12+00:00,2026-05-01T23:40:12-03:00,101,TH-PETR4-bullish-3514,PETR4,bullish,BULL_CALL_SPREAD,80.5787,4.8248,3.1405,"PETR4,LREN3,ITUB4,WEGE3,VALE3,RADL3,HAPV3"
2127,2026-05-02T02:40:50+00:00,2026-05-01T23:40:50-03:00,102,TH-PETR4-bullish-14078,PETR4,bullish,BULL_CALL_SPREAD,80.5787,4.8248,3.1405,"LREN3,HAPV3,VALE3,PETR4,B3SA3,ABEV3,RADL3,BBDC4"
2130,2026-05-02T02:41:16+00:00,2026-05-01T23:41:16-03:00,103,TH-JBSS3-bullish-11910,JBSS3,bullish,BULL_CALL_SPREAD,71.172,3.7713,5.4,"RAIL3,LREN3,ITUB4,JBSS3,WEGE3"
2133,2026-05-02T02:41:43+00:00,2026-05-01T23:41:43-03:00,104,TH-PETR4-bullish-8667,PETR4,bullish,BULL_CALL_SPREAD,80.5787,4.8248,3.1405,"BPAC11,PRIO3,PETR4,JBSS3"
2136,2026-05-02T02:42:08+00:00,2026-05-01T23:42:08-03:00,105,TH-HAPV3-bearish-14380,HAPV3,bearish,BEAR_PUT_SPREAD,72.3877,3.9074,5.2,"SUZB3,BBAS3,GGBR4,RAIL3,HAPV3,CMIG4,B3SA3"
2139,2026-05-02T02:42:40+00:00,2026-05-01T23:42:40-03:00,106,TH-PRIO3-bullish-22388,PRIO3,bullish,BULL_CALL_SPREAD,72.5161,3.9218,5.4,"VALE3,SUZB3,B3SA3,BBAS3,WEGE3,BBDC4,PRIO3"
2142,2026-05-02T02:43:08+00:00,2026-05-01T23:43:08-03:00,107,TH-HAPV3-bearish-5538,HAPV3,bearish,BEAR_PUT_SPREAD,72.3877,3.9074,5.2,"CMIG4,HAPV3,BPAC11,BBDC4,SUZB3,RADL3,ITUB4"
2145,2026-05-02T02:43:37+00:00,2026-05-01T23:43:37-03:00,108,TH-PETR4-bullish-3514,PETR4,bullish,BULL_CALL_SPREAD,80.5787,4.8248,3.1405,"PETR4,B3SA3,BBAS3,HAPV3,WEGE3,ABEV3"
2148,2026-05-02T02:43:57+00:00,2026-05-01T23:43:57-03:00,109,TH-B3SA3-bearish-0016,B3SA3,bearish,BEAR_PUT_SPREAD,70.2572,3.6688,4.1816,"B3SA3,RADL3,ITUB4,LREN3"
2151,2026-05-02T02:44:22+00:00,2026-05-01T23:44:22-03:00,110,TH-PETR4-bullish-12223,PETR4,bullish,BULL_CALL_SPREAD,80.5787,4.8248,3.1405,"VALE3,HAPV3,RAIL3,PETR4,SUZB3"
2154,2026-05-02T02:44:59+00:00,2026-05-01T23:44:59-03:00,111,TH-PETR4-bullish-22565,PETR4,bullish,BULL_CALL_SPREAD,80.5787,4.8248,3.1405,"WEGE3,SUZB3,VBBR3,BBDC4,RADL3,ABEV3,PETR4,RENT3"
2157,2026-05-02T02:45:31+00:00,2026-05-01T23:45:31-03:00,112,TH-PETR4-bullish-3514,PETR4,bullish,BULL_CALL_SPREAD,80.5787,4.8248,3.1405,"PETR4,RENT3,ABEV3,LREN3,RADL3,GGBR4"
2160,2026-05-02T02:46:07+00:00,2026-05-01T23:46:07-03:00,113,TH-PRIO3-bullish-25590,PRIO3,bullish,BULL_CALL_SPREAD,72.5161,3.9218,5.4,"ABEV3,GGBR4,BBDC4,ITUB4,RENT3,LREN3,PRIO3,JBSS3"
2163,2026-05-02T02:46:39+00:00,2026-05-01T23:46:39-03:00,114,TH-PETR4-bullish-3514,PETR4,bullish,BULL_CALL_SPREAD,80.5787,4.8248,3.1405,"PETR4,PRIO3,RAIL3,CMIG4,BPAC11,WEGE3"
2166,2026-05-02T02:47:11+00:00,2026-05-01T23:47:11-03:00,115,TH-SUZB3-bullish-5989,SUZB3,bullish,BULL_CALL_SPREAD,71.2861,3.784,-0.3576,"VBBR3,VALE3,SUZB3,CMIG4,RENT3,GGBR4,JBSS3"
2169,2026-05-02T02:47:45+00:00,2026-05-01T23:47:45-03:00,116,TH-JBSS3-bullish-25525,JBSS3,bullish,BULL_CALL_SPREAD,71.172,3.7713,5.4,"WEGE3,VALE3,ABEV3,LREN3,BBAS3,GGBR4,JBSS3,BBDC4"
2172,2026-05-02T02:48:18+00:00,2026-05-01T23:48:18-03:00,117,TH-PETR4-bullish-7984,PETR4,bullish,BULL_CALL_SPREAD,80.5787,4.8248,3.1405,"B3SA3,RAIL3,PETR4,BBAS3,RADL3,LREN3,GGBR4"
2175,2026-05-02T02:48:41+00:00,2026-05-01T23:48:41-03:00,118,TH-RENT3-bullish-0110,RENT3,bullish,BULL_CALL_SPREAD,70.5084,3.6969,-1.383,"RENT3,GGBR4,CMIG4,VBBR3,B3SA3"
2178,2026-05-02T02:49:11+00:00,2026-05-01T23:49:11-03:00,119,TH-PETR4-bullish-3514,PETR4,bullish,BULL_CALL_SPREAD,80.5787,4.8248,3.1405,"PETR4,RAIL3,BBAS3,RENT3,SUZB3,JBSS3"
2181,2026-05-02T02:49:33+00:00,2026-05-01T23:49:33-03:00,120,TH-PRIO3-bullish-1072,PRIO3,bullish,BULL_CALL_SPREAD,72.5161,3.9218,5.4,"PRIO3,SUZB3,VALE3,CMIG4"
2184,2026-05-02T02:50:02+00:00,2026-05-01T23:50:02-03:00,121,TH-HAPV3-bearish-20625,HAPV3,bearish,BEAR_PUT_SPREAD,72.3877,3.9074,5.2,"SUZB3,LREN3,RENT3,RAIL3,B3SA3,WEGE3,HAPV3,ABEV3"
2187,2026-05-02T02:50:29+00:00,2026-05-01T23:50:29-03:00,122,TH-PRIO3-bullish-11023,PRIO3,bullish,BULL_CALL_SPREAD,72.5161,3.9218,5.4,"VALE3,HAPV3,BPAC11,VBBR3,PRIO3,RAIL3,BBAS3"
2190,2026-05-02T02:50:51+00:00,2026-05-01T23:50:51-03:00,123,TH-BPAC11-bullish-4788,BPAC11,bullish,BULL_CALL_SPREAD,71.3538,3.7916,-2.2,"CMIG4,BPAC11,LREN3,ABEV3,RADL3"
2193,2026-05-02T02:51:18+00:00,2026-05-01T23:51:18-03:00,124,TH-GGBR4-bullish-5621,GGBR4,bullish,BULL_CALL_SPREAD,70.4848,3.6943,-2.2,"LREN3,VBBR3,GGBR4,RADL3,WEGE3"
2196,2026-05-02T02:51:50+00:00,2026-05-01T23:51:50-03:00,125,TH-PRIO3-bullish-26869,PRIO3,bullish,BULL_CALL_SPREAD,72.5161,3.9218,5.4,"CMIG4,SUZB3,GGBR4,VALE3,RAIL3,BBDC4,RENT3,PRIO3"
2199,2026-05-02T02:52:19+00:00,2026-05-01T23:52:19-03:00,126,TH-JBSS3-bullish-21296,JBSS3,bullish,BULL_CALL_SPREAD,71.172,3.7713,5.4,"ABEV3,LREN3,VALE3,ITUB4,RENT3,JBSS3,RADL3"
2202,2026-05-02T02:52:44+00:00,2026-05-01T23:52:44-03:00,127,TH-GGBR4-bullish-12921,GGBR4,bullish,BULL_CALL_SPREAD,70.4848,3.6943,-2.2,"BBAS3,LREN3,BBDC4,GGBR4,B3SA3"
2205,2026-05-02T02:53:06+00:00,2026-05-01T23:53:06-03:00,128,TH-HAPV3-bearish-7656,HAPV3,bearish,BEAR_PUT_SPREAD,72.3877,3.9074,5.2,"B3SA3,VALE3,HAPV3,JBSS3,WEGE3"
2208,2026-05-02T02:53:33+00:00,2026-05-01T23:53:33-03:00,129,TH-HAPV3-bearish-21140,HAPV3,bearish,BEAR_PUT_SPREAD,72.3877,3.9074,5.2,"GGBR4,BBAS3,ABEV3,JBSS3,VALE3,HAPV3"
2211,2026-05-02T02:54:10+00:00,2026-05-01T23:54:10-03:00,130,TH-PETR4-bullish-5622,PETR4,bullish,BULL_CALL_SPREAD,80.5787,4.8248,3.1405,"B3SA3,PETR4,ABEV3,LREN3,ITUB4,WEGE3,RADL3"
2214,2026-05-02T02:54:31+00:00,2026-05-01T23:54:31-03:00,131,TH-SUZB3-bullish-5982,SUZB3,bullish,BULL_CALL_SPREAD,71.2861,3.784,-0.3576,"RENT3,VBBR3,SUZB3,B3SA3,WEGE3"
2217,2026-05-02T02:55:06+00:00,2026-05-01T23:55:06-03:00,132,TH-PETR4-bullish-3514,PETR4,bullish,BULL_CALL_SPREAD,80.5787,4.8248,3.1405,"PETR4,BBDC4,HAPV3,B3SA3,ITUB4,WEGE3"
2220,2026-05-02T02:55:35+00:00,2026-05-01T23:55:35-03:00,133,TH-BPAC11-bullish-0565,BPAC11,bullish,BULL_CALL_SPREAD,71.3538,3.7916,-2.2,"BPAC11,LREN3,VALE3,ITUB4,CMIG4,ABEV3"
2223,2026-05-02T02:55:58+00:00,2026-05-01T23:55:58-03:00,134,TH-RENT3-bullish-6441,RENT3,bullish,BULL_CALL_SPREAD,70.5084,3.6969,-1.383,"B3SA3,CMIG4,RENT3,BBDC4"
2226,2026-05-02T02:56:29+00:00,2026-05-01T23:56:29-03:00,135,TH-PETR4-bullish-10102,PETR4,bullish,BULL_CALL_SPREAD,80.5787,4.8248,3.1405,"RENT3,RAIL3,PETR4,CMIG4,B3SA3,ITUB4"
2229,2026-05-02T02:57:03+00:00,2026-05-01T23:57:03-03:00,136,TH-PRIO3-bullish-17038,PRIO3,bullish,BULL_CALL_SPREAD,72.5161,3.9218,5.4,"ABEV3,CMIG4,ITUB4,LREN3,PRIO3,JBSS3,BBAS3,RADL3"
2232,2026-05-02T02:57:32+00:00,2026-05-01T23:57:32-03:00,137,TH-PETR4-bullish-11971,PETR4,bullish,BULL_CALL_SPREAD,80.5787,4.8248,3.1405,"BBAS3,WEGE3,PETR4,LREN3,GGBR4"
2235,2026-05-02T02:58:00+00:00,2026-05-01T23:58:00-03:00,138,TH-PETR4-bullish-5628,PETR4,bullish,BULL_CALL_SPREAD,80.5787,4.8248,3.1405,"HAPV3,PETR4,WEGE3,VBBR3,CMIG4"
2238,2026-05-02T02:58:29+00:00,2026-05-01T23:58:29-03:00,139,TH-PETR4-bullish-17485,PETR4,bullish,BULL_CALL_SPREAD,80.5787,4.8248,3.1405,"ITUB4,VALE3,CMIG4,VBBR3,PETR4"
2241,2026-05-02T02:59:07+00:00,2026-05-01T23:59:07-03:00,140,TH-PETR4-bullish-3514,PETR4,bullish,BULL_CALL_SPREAD,80.5787,4.8248,3.1405,"PETR4,RADL3,CMIG4,BBAS3,HAPV3,LREN3,ITUB4,VBBR3"
2244,2026-05-02T02:59:39+00:00,2026-05-01T23:59:39-03:00,141,TH-SUZB3-bullish-10139,SUZB3,bullish,BULL_CALL_SPREAD,71.2861,3.784,-0.3576,"B3SA3,BBAS3,ABEV3,SUZB3,LREN3,WEGE3,RENT3,CMIG4"
2247,2026-05-02T03:00:11+00:00,2026-05-02T00:00:11-03:00,142,TH-HAPV3-bearish-14045,HAPV3,bearish,BEAR_PUT_SPREAD,72.3877,3.9074,5.2,"BBDC4,WEGE3,CMIG4,HAPV3,RENT3,SUZB3,RAIL3,RADL3"
2250,2026-05-02T03:00:51+00:00,2026-05-02T00:00:51-03:00,143,TH-PETR4-bullish-3514,PETR4,bullish,BULL_CALL_SPREAD,80.5787,4.8248,3.1405,"PETR4,JBSS3,BPAC11,SUZB3,RENT3,VBBR3,BBAS3,RAIL3"
2253,2026-05-02T03:01:19+00:00,2026-05-02T00:01:19-03:00,144,TH-B3SA3-bearish-0016,B3SA3,bearish,BEAR_PUT_SPREAD,70.2572,3.6688,4.1816,"B3SA3,RAIL3,CMIG4,RADL3,LREN3,ITUB4"
2256,2026-05-02T03:01:45+00:00,2026-05-02T00:01:45-03:00,145,TH-HAPV3-bearish-8821,HAPV3,bearish,BEAR_PUT_SPREAD,72.3877,3.9074,5.2,"LREN3,ABEV3,HAPV3,VBBR3,JBSS3,GGBR4"
2259,2026-05-02T03:02:12+00:00,2026-05-02T00:02:12-03:00,146,TH-BPAC11-bullish-8650,BPAC11,bullish,BULL_CALL_SPREAD,71.3538,3.7916,-2.2,"SUZB3,B3SA3,RADL3,BPAC11,VALE3,LREN3,ABEV3"
2262,2026-05-02T03:02:31+00:00,2026-05-02T00:02:31-03:00,147,TH-HAPV3-bearish-1315,HAPV3,bearish,BEAR_PUT_SPREAD,72.3877,3.9074,5.2,"HAPV3,ITUB4,SUZB3,BBAS3"
2265,2026-05-02T03:02:58+00:00,2026-05-02T00:02:58-03:00,148,TH-PETR4-bullish-3514,PETR4,bullish,BULL_CALL_SPREAD,80.5787,4.8248,3.1405,"PETR4,SUZB3,ABEV3,HAPV3,WEGE3,RAIL3"
2268,2026-05-02T03:03:21+00:00,2026-05-02T00:03:21-03:00,149,TH-PRIO3-bullish-1072,PRIO3,bullish,BULL_CALL_SPREAD,72.5161,3.9218,5.4,"PRIO3,RENT3,LREN3,JBSS3"
2271,2026-05-02T03:03:51+00:00,2026-05-02T00:03:51-03:00,150,TH-BPAC11-bullish-12270,BPAC11,bullish,BULL_CALL_SPREAD,71.3538,3.7916,-2.2,"ABEV3,WEGE3,CMIG4,BPAC11,ITUB4,B3SA3,VBBR3,RENT3"
2274,2026-05-02T03:04:24+00:00,2026-05-02T00:04:24-03:00,151,TH-PETR4-bullish-5876,PETR4,bullish,BULL_CALL_SPREAD,80.5787,4.8248,3.1405,"RAIL3,PETR4,LREN3,ABEV3,JBSS3,HAPV3,ITUB4"
2277,2026-05-02T03:04:50+00:00,2026-05-02T00:04:50-03:00,152,TH-PRIO3-bullish-5295,PRIO3,bullish,BULL_CALL_SPREAD,72.5161,3.9218,5.4,"CMIG4,PRIO3,RADL3,RAIL3,ITUB4"
2280,2026-05-02T03:05:22+00:00,2026-05-02T00:05:22-03:00,153,TH-PETR4-bullish-7287,PETR4,bullish,BULL_CALL_SPREAD,80.5787,4.8248,3.1405,"RADL3,PETR4,BBAS3,PRIO3,WEGE3"
2283,2026-05-02T03:05:45+00:00,2026-05-02T00:05:45-03:00,154,TH-HAPV3-bearish-1315,HAPV3,bearish,BEAR_PUT_SPREAD,72.3877,3.9074,5.2,"HAPV3,BPAC11,VBBR3,B3SA3,LREN3,RADL3"
2286,2026-05-02T03:06:15+00:00,2026-05-02T00:06:15-03:00,155,TH-PRIO3-bullish-6784,PRIO3,bullish,BULL_CALL_SPREAD,72.5161,3.9218,5.4,"B3SA3,BPAC11,VBBR3,PRIO3,WEGE3,BBDC4,SUZB3"
2289,2026-05-02T03:06:41+00:00,2026-05-02T00:06:41-03:00,156,TH-BPAC11-bullish-8595,BPAC11,bullish,BULL_CALL_SPREAD,71.3538,3.7916,-2.2,"JBSS3,RENT3,BPAC11,RAIL3,ITUB4,BBDC4"
2292,2026-05-02T03:07:02+00:00,2026-05-02T00:07:02-03:00,157,TH-PRIO3-bullish-5309,PRIO3,bullish,BULL_CALL_SPREAD,72.5161,3.9218,5.4,"ITUB4,PRIO3,HAPV3,VBBR3"
2295,2026-05-02T03:07:26+00:00,2026-05-02T00:07:26-03:00,158,TH-PRIO3-bullish-3434,PRIO3,bullish,BULL_CALL_SPREAD,72.5161,3.9218,5.4,"RAIL3,PRIO3,GGBR4,RENT3,HAPV3"
2298,2026-05-02T03:07:51+00:00,2026-05-02T00:07:51-03:00,159,TH-HAPV3-bearish-1315,HAPV3,bearish,BEAR_PUT_SPREAD,72.3877,3.9074,5.2,"HAPV3,ITUB4,CMIG4,ABEV3,RADL3,BPAC11"
2301,2026-05-02T03:08:15+00:00,2026-05-02T00:08:15-03:00,160,TH-HAPV3-bearish-14286,HAPV3,bearish,BEAR_PUT_SPREAD,72.3877,3.9074,5.2,"B3SA3,RAIL3,BBAS3,ITUB4,HAPV3,JBSS3"
2304,2026-05-02T03:08:53+00:00,2026-05-02T00:08:53-03:00,161,TH-PETR4-bullish-3514,PETR4,bullish,BULL_CALL_SPREAD,80.5787,4.8248,3.1405,"PETR4,PRIO3,BPAC11,CMIG4,RENT3,BBDC4,SUZB3,ABEV3"
2307,2026-05-02T03:09:14+00:00,2026-05-02T00:09:14-03:00,162,TH-PRIO3-bullish-4361,PRIO3,bullish,BULL_CALL_SPREAD,72.5161,3.9218,5.4,"ABEV3,PRIO3,RAIL3,JBSS3"
2310,2026-05-02T03:09:39+00:00,2026-05-02T00:09:39-03:00,163,TH-GGBR4-bullish-13150,GGBR4,bullish,BULL_CALL_SPREAD,70.4848,3.6943,-2.2,"WEGE3,ABEV3,BBAS3,VBBR3,GGBR4"
2313,2026-05-02T03:09:58+00:00,2026-05-02T00:09:58-03:00,164,TH-BPAC11-bullish-2927,BPAC11,bullish,BULL_CALL_SPREAD,71.3538,3.7916,-2.2,"RAIL3,BPAC11,WEGE3,LREN3"
2316,2026-05-02T03:10:24+00:00,2026-05-02T00:10:24-03:00,165,TH-BPAC11-bullish-12314,BPAC11,bullish,BULL_CALL_SPREAD,71.3538,3.7916,-2.2,"CMIG4,ABEV3,ITUB4,BPAC11,SUZB3,VALE3,RAIL3"
2319,2026-05-02T03:10:49+00:00,2026-05-02T00:10:49-03:00,166,TH-HAPV3-bearish-11012,HAPV3,bearish,BEAR_PUT_SPREAD,72.3877,3.9074,5.2,"VBBR3,WEGE3,RENT3,HAPV3,RADL3,ABEV3"
2322,2026-05-02T03:11:10+00:00,2026-05-02T00:11:10-03:00,167,TH-B3SA3-bearish-3789,B3SA3,bearish,BEAR_PUT_SPREAD,70.2572,3.6688,4.1816,"RADL3,B3SA3,BBDC4,LREN3"
2325,2026-05-02T03:11:31+00:00,2026-05-02T00:11:31-03:00,168,TH-PRIO3-bullish-3180,PRIO3,bullish,BULL_CALL_SPREAD,72.5161,3.9218,5.4,"B3SA3,PRIO3,JBSS3,RENT3"
2328,2026-05-02T03:11:52+00:00,2026-05-02T00:11:52-03:00,169,TH-BPAC11-bullish-13461,BPAC11,bullish,BULL_CALL_SPREAD,71.3538,3.7916,-2.2,"WEGE3,B3SA3,VALE3,RAIL3,BPAC11"
2331,2026-05-02T03:12:21+00:00,2026-05-02T00:12:21-03:00,170,TH-PETR4-bullish-11139,PETR4,bullish,BULL_CALL_SPREAD,80.5787,4.8248,3.1405,"VALE3,HAPV3,VBBR3,PETR4,B3SA3,BBAS3"
2334,2026-05-02T03:12:43+00:00,2026-05-02T00:12:43-03:00,171,TH-SUZB3-bullish-4704,SUZB3,bullish,BULL_CALL_SPREAD,71.2861,3.784,-0.3576,"RENT3,SUZB3,RAIL3,GGBR4,ABEV3"
2337,2026-05-02T03:13:14+00:00,2026-05-02T00:13:14-03:00,172,TH-PETR4-bullish-22412,PETR4,bullish,BULL_CALL_SPREAD,80.5787,4.8248,3.1405,"SUZB3,BBAS3,LREN3,BPAC11,HAPV3,RADL3,PETR4"
2340,2026-05-02T03:13:36+00:00,2026-05-02T00:13:36-03:00,173,TH-BPAC11-bullish-4338,BPAC11,bullish,BULL_CALL_SPREAD,71.3538,3.7916,-2.2,"RADL3,BPAC11,VBBR3,ITUB4,VALE3"
2343,2026-05-02T03:14:08+00:00,2026-05-02T00:14:08-03:00,174,TH-HAPV3-bearish-1315,HAPV3,bearish,BEAR_PUT_SPREAD,72.3877,3.9074,5.2,"HAPV3,RENT3,GGBR4,ITUB4,BPAC11,BBAS3,CMIG4,WEGE3"
2346,2026-05-02T03:14:33+00:00,2026-05-02T00:14:33-03:00,175,TH-PETR4-bullish-15991,PETR4,bullish,BULL_CALL_SPREAD,80.5787,4.8248,3.1405,"HAPV3,JBSS3,VALE3,BPAC11,PETR4"
2349,2026-05-02T03:14:51+00:00,2026-05-02T00:14:51-03:00,176,TH-HAPV3-bearish-1315,HAPV3,bearish,BEAR_PUT_SPREAD,72.3877,3.9074,5.2,"HAPV3,SUZB3,CMIG4,RENT3"
2352,2026-05-02T03:15:20+00:00,2026-05-02T00:15:20-03:00,177,TH-PRIO3-bullish-20844,PRIO3,bullish,BULL_CALL_SPREAD,72.5161,3.9218,5.4,"ABEV3,JBSS3,B3SA3,WEGE3,HAPV3,BBAS3,PRIO3"
2355,2026-05-02T03:15:45+00:00,2026-05-02T00:15:45-03:00,178,TH-PETR4-bullish-3514,PETR4,bullish,BULL_CALL_SPREAD,80.5787,4.8248,3.1405,"PETR4,BBDC4,ABEV3,ITUB4"
2358,2026-05-02T03:16:08+00:00,2026-05-02T00:16:08-03:00,179,TH-PRIO3-bullish-11855,PRIO3,bullish,BULL_CALL_SPREAD,72.5161,3.9218,5.4,"WEGE3,BBAS3,BPAC11,PRIO3"
2361,2026-05-02T03:16:36+00:00,2026-05-02T00:16:36-03:00,180,TH-BPAC11-bullish-21677,BPAC11,bullish,BULL_CALL_SPREAD,71.3538,3.7916,-2.2,"VALE3,WEGE3,RENT3,ITUB4,CMIG4,BPAC11"
2364,2026-05-02T03:17:05+00:00,2026-05-02T00:17:05-03:00,181,TH-HAPV3-bearish-1315,HAPV3,bearish,BEAR_PUT_SPREAD,72.3877,3.9074,5.2,"HAPV3,RADL3,ITUB4,WEGE3,JBSS3,BBDC4,VBBR3"
2367,2026-05-02T03:17:40+00:00,2026-05-02T00:17:40-03:00,182,TH-PETR4-bullish-9839,PETR4,bullish,BULL_CALL_SPREAD,80.5787,4.8248,3.1405,"B3SA3,LREN3,PETR4,BBDC4,VBBR3,ITUB4,BPAC11,GGBR4"
2370,2026-05-02T03:18:00+00:00,2026-05-02T00:18:00-03:00,183,TH-HAPV3-bearish-1315,HAPV3,bearish,BEAR_PUT_SPREAD,72.3877,3.9074,5.2,"HAPV3,ITUB4,ABEV3,BPAC11,B3SA3"
2373,2026-05-02T03:18:29+00:00,2026-05-02T00:18:29-03:00,184,TH-PETR4-bullish-5622,PETR4,bullish,BULL_CALL_SPREAD,80.5787,4.8248,3.1405,"B3SA3,PETR4,ITUB4,SUZB3,CMIG4,RADL3"
2376,2026-05-02T03:18:46+00:00,2026-05-02T00:18:46-03:00,185,TH-BPAC11-bullish-0565,BPAC11,bullish,BULL_CALL_SPREAD,71.3538,3.7916,-2.2,"BPAC11,RENT3,VBBR3,B3SA3"
2379,2026-05-02T03:19:24+00:00,2026-05-02T00:19:24-03:00,186,TH-PETR4-bullish-11944,PETR4,bullish,BULL_CALL_SPREAD,80.5787,4.8248,3.1405,"WEGE3,ITUB4,PETR4,ABEV3,PRIO3,VBBR3,RENT3,BPAC11"
2382,2026-05-02T03:19:49+00:00,2026-05-02T00:19:49-03:00,187,TH-B3SA3-bearish-5527,B3SA3,bearish,BEAR_PUT_SPREAD,70.2572,3.6688,4.1816,"VALE3,VBBR3,B3SA3,BBDC4,CMIG4,RAIL3"
2385,2026-05-02T03:20:28+00:00,2026-05-02T00:20:28-03:00,188,TH-PETR4-bullish-3514,PETR4,bullish,BULL_CALL_SPREAD,80.5787,4.8248,3.1405,"PETR4,LREN3,SUZB3,B3SA3,BBDC4,HAPV3,JBSS3"
2388,2026-05-02T03:20:56+00:00,2026-05-02T00:20:56-03:00,189,TH-HAPV3-bearish-17381,HAPV3,bearish,BEAR_PUT_SPREAD,72.3877,3.9074,5.2,"VBBR3,LREN3,B3SA3,ITUB4,RENT3,HAPV3,WEGE3"
2391,2026-05-02T03:21:17+00:00,2026-05-02T00:21:17-03:00,190,TH-BPAC11-bullish-4758,BPAC11,bullish,BULL_CALL_SPREAD,71.3538,3.7916,-2.2,"WEGE3,BPAC11,VALE3,CMIG4"
2394,2026-05-02T03:21:45+00:00,2026-05-02T00:21:45-03:00,191,TH-JBSS3-bullish-9524,JBSS3,bullish,BULL_CALL_SPREAD,71.172,3.7713,5.4,"WEGE3,ITUB4,JBSS3,VBBR3,ABEV3,BBDC4,RENT3"
2397,2026-05-02T03:22:15+00:00,2026-05-02T00:22:15-03:00,192,TH-PRIO3-bullish-11194,PRIO3,bullish,BULL_CALL_SPREAD,72.5161,3.9218,5.4,"HAPV3,RADL3,GGBR4,PRIO3,WEGE3,RAIL3,ABEV3"
2400,2026-05-02T03:22:47+00:00,2026-05-02T00:22:47-03:00,193,TH-PETR4-bullish-22719,PETR4,bullish,BULL_CALL_SPREAD,80.5787,4.8248,3.1405,"LREN3,BBDC4,SUZB3,VALE3,ITUB4,PETR4"
2403,2026-05-02T03:23:16+00:00,2026-05-02T00:23:16-03:00,194,TH-JBSS3-bullish-20971,JBSS3,bullish,BULL_CALL_SPREAD,71.172,3.7713,5.4,"ITUB4,BBAS3,BBDC4,RADL3,ABEV3,JBSS3"
2406,2026-05-02T03:23:44+00:00,2026-05-02T00:23:44-03:00,195,TH-SUZB3-bullish-13260,SUZB3,bullish,BULL_CALL_SPREAD,71.2861,3.784,-0.3576,"GGBR4,BBDC4,VALE3,SUZB3,ITUB4,WEGE3"
2409,2026-05-02T03:24:05+00:00,2026-05-02T00:24:05-03:00,196,TH-JBSS3-bullish-1094,JBSS3,bullish,BULL_CALL_SPREAD,71.172,3.7713,5.4,"JBSS3,GGBR4,B3SA3,BBAS3"
2412,2026-05-02T03:24:34+00:00,2026-05-02T00:24:34-03:00,197,TH-SUZB3-bullish-4704,SUZB3,bullish,BULL_CALL_SPREAD,71.2861,3.784,-0.3576,"RENT3,SUZB3,VALE3,WEGE3,B3SA3,CMIG4,ITUB4"
2415,2026-05-02T03:24:59+00:00,2026-05-02T00:24:59-03:00,198,TH-PETR4-bullish-3514,PETR4,bullish,BULL_CALL_SPREAD,80.5787,4.8248,3.1405,"PETR4,ITUB4,RADL3,JBSS3"
2418,2026-05-02T03:25:30+00:00,2026-05-02T00:25:30-03:00,199,TH-PETR4-bullish-3514,PETR4,bullish,BULL_CALL_SPREAD,80.5787,4.8248,3.1405,"PETR4,HAPV3,SUZB3,BBAS3,VALE3,WEGE3,ABEV3"
2421,2026-05-02T03:25:51+00:00,2026-05-02T00:25:51-03:00,200,TH-RENT3-bullish-10648,RENT3,bullish,BULL_CALL_SPREAD,70.5084,3.6969,-1.383,"WEGE3,ITUB4,B3SA3,RENT3"
2424,2026-05-02T03:26:15+00:00,2026-05-02T00:26:15-03:00,201,TH-SUZB3-bullish-15584,SUZB3,bullish,BULL_CALL_SPREAD,71.2861,3.784,-0.3576,"WEGE3,RAIL3,BBDC4,ITUB4,SUZB3"
2427,2026-05-02T03:26:40+00:00,2026-05-02T00:26:40-03:00,202,TH-B3SA3-bearish-9290,B3SA3,bearish,BEAR_PUT_SPREAD,70.2572,3.6688,4.1816,"RADL3,CMIG4,VBBR3,B3SA3,VALE3,ABEV3"
2430,2026-05-02T03:27:18+00:00,2026-05-02T00:27:18-03:00,203,TH-PETR4-bullish-15426,PETR4,bullish,BULL_CALL_SPREAD,80.5787,4.8248,3.1405,"SUZB3,VBBR3,WEGE3,ITUB4,PETR4,RENT3,VALE3,GGBR4"
2433,2026-05-02T03:27:45+00:00,2026-05-02T00:27:45-03:00,204,TH-HAPV3-bearish-20668,HAPV3,bearish,BEAR_PUT_SPREAD,72.3877,3.9074,5.2,"B3SA3,ABEV3,LREN3,RADL3,VBBR3,RAIL3,BPAC11,HAPV3"
2436,2026-05-02T03:28:07+00:00,2026-05-02T00:28:07-03:00,205,TH-RENT3-bullish-7172,RENT3,bullish,BULL_CALL_SPREAD,70.5084,3.6969,-1.383,"ABEV3,RADL3,RENT3,CMIG4"
2439,2026-05-02T03:28:27+00:00,2026-05-02T00:28:27-03:00,206,TH-SUZB3-bullish-10839,SUZB3,bullish,BULL_CALL_SPREAD,71.2861,3.784,-0.3576,"RENT3,RAIL3,RADL3,SUZB3,VBBR3"
2442,2026-05-02T03:28:52+00:00,2026-05-02T00:28:52-03:00,207,TH-PRIO3-bullish-8675,PRIO3,bullish,BULL_CALL_SPREAD,72.5161,3.9218,5.4,"ABEV3,BBDC4,PRIO3,CMIG4,B3SA3"
2445,2026-05-02T03:29:17+00:00,2026-05-02T00:29:17-03:00,208,TH-PETR4-bullish-15819,PETR4,bullish,BULL_CALL_SPREAD,80.5787,4.8248,3.1405,"BBAS3,ITUB4,JBSS3,PETR4"
2448,2026-05-02T03:29:37+00:00,2026-05-02T00:29:37-03:00,209,TH-HAPV3-bearish-13061,HAPV3,bearish,BEAR_PUT_SPREAD,72.3877,3.9074,5.2,"ABEV3,BBAS3,WEGE3,HAPV3"
2451,2026-05-02T03:30:11+00:00,2026-05-02T00:30:11-03:00,210,TH-PETR4-bullish-18620,PETR4,bullish,BULL_CALL_SPREAD,80.5787,4.8248,3.1405,"WEGE3,BBDC4,ITUB4,RAIL3,PETR4,VALE3,SUZB3,VBBR3"
2454,2026-05-02T03:30:39+00:00,2026-05-02T00:30:39-03:00,211,TH-PETR4-bullish-14894,PETR4,bullish,BULL_CALL_SPREAD,80.5787,4.8248,3.1405,"PRIO3,HAPV3,SUZB3,GGBR4,PETR4"
2457,2026-05-02T03:31:07+00:00,2026-05-02T00:31:07-03:00,212,TH-PETR4-bullish-8917,PETR4,bullish,BULL_CALL_SPREAD,80.5787,4.8248,3.1405,"HAPV3,ABEV3,PETR4,LREN3,RAIL3,VBBR3"
2460,2026-05-02T03:31:36+00:00,2026-05-02T00:31:36-03:00,213,TH-PRIO3-bullish-18184,PRIO3,bullish,BULL_CALL_SPREAD,72.5161,3.9218,5.4,"CMIG4,RENT3,WEGE3,RAIL3,B3SA3,PRIO3"
2463,2026-05-02T03:32:07+00:00,2026-05-02T00:32:07-03:00,214,TH-PRIO3-bullish-13605,PRIO3,bullish,BULL_CALL_SPREAD,72.5161,3.9218,5.4,"RADL3,ABEV3,VBBR3,WEGE3,PRIO3,RAIL3,VALE3,SUZB3"
2466,2026-05-02T03:32:35+00:00,2026-05-02T00:32:35-03:00,215,TH-HAPV3-bearish-12117,HAPV3,bearish,BEAR_PUT_SPREAD,72.3877,3.9074,5.2,"RAIL3,LREN3,CMIG4,HAPV3,JBSS3,GGBR4,VBBR3"
2469,2026-05-02T03:33:13+00:00,2026-05-02T00:33:13-03:00,216,TH-PETR4-bullish-19109,PETR4,bullish,BULL_CALL_SPREAD,80.5787,4.8248,3.1405,"PRIO3,BBDC4,ITUB4,LREN3,PETR4,BBAS3,JBSS3"
2472,2026-05-02T03:33:37+00:00,2026-05-02T00:33:37-03:00,217,TH-RENT3-bullish-11407,RENT3,bullish,BULL_CALL_SPREAD,70.5084,3.6969,-1.383,"GGBR4,RADL3,ABEV3,RENT3,CMIG4"
2475,2026-05-02T03:34:14+00:00,2026-05-02T00:34:14-03:00,218,TH-PETR4-bullish-3514,PETR4,bullish,BULL_CALL_SPREAD,80.5787,4.8248,3.1405,"PETR4,GGBR4,RENT3,RADL3,WEGE3,LREN3,RAIL3,CMIG4"
2478,2026-05-02T03:34:42+00:00,2026-05-02T00:34:42-03:00,219,TH-HAPV3-bearish-5532,HAPV3,bearish,BEAR_PUT_SPREAD,72.3877,3.9074,5.2,"LREN3,HAPV3,BPAC11,GGBR4,WEGE3,SUZB3,VBBR3"
2481,2026-05-02T03:35:10+00:00,2026-05-02T00:35:10-03:00,220,TH-SUZB3-bullish-17362,SUZB3,bullish,BULL_CALL_SPREAD,71.2861,3.784,-0.3576,"WEGE3,GGBR4,VALE3,CMIG4,SUZB3,BBAS3"
2484,2026-05-02T03:35:45+00:00,2026-05-02T00:35:45-03:00,221,TH-PETR4-bullish-14511,PETR4,bullish,BULL_CALL_SPREAD,80.5787,4.8248,3.1405,"ABEV3,RENT3,VBBR3,SUZB3,PETR4,CMIG4,BBDC4,GGBR4"
2487,2026-05-02T03:36:13+00:00,2026-05-02T00:36:13-03:00,222,TH-PRIO3-bullish-7635,PRIO3,bullish,BULL_CALL_SPREAD,72.5161,3.9218,5.4,"ITUB4,BPAC11,PRIO3,ABEV3,CMIG4,RAIL3"
2490,2026-05-02T03:36:41+00:00,2026-05-02T00:36:41-03:00,223,TH-PETR4-bullish-11369,PETR4,bullish,BULL_CALL_SPREAD,80.5787,4.8248,3.1405,"SUZB3,RAIL3,ABEV3,PETR4,CMIG4,WEGE3"
2493,2026-05-02T03:37:12+00:00,2026-05-02T00:37:12-03:00,224,TH-JBSS3-bullish-1094,JBSS3,bullish,BULL_CALL_SPREAD,71.172,3.7713,5.4,"JBSS3,BBAS3,RAIL3,VALE3,LREN3,RADL3,ITUB4,VBBR3"
2496,2026-05-02T03:37:39+00:00,2026-05-02T00:37:39-03:00,225,TH-PRIO3-bullish-1072,PRIO3,bullish,BULL_CALL_SPREAD,72.5161,3.9218,5.4,"PRIO3,VBBR3,JBSS3,RAIL3,RENT3,GGBR4"
2499,2026-05-02T03:38:02+00:00,2026-05-02T00:38:02-03:00,226,TH-PRIO3-bullish-1072,PRIO3,bullish,BULL_CALL_SPREAD,72.5161,3.9218,5.4,"PRIO3,CMIG4,BPAC11,RAIL3,JBSS3"
2502,2026-05-02T03:38:24+00:00,2026-05-02T00:38:24-03:00,227,TH-SUZB3-bullish-0478,SUZB3,bullish,BULL_CALL_SPREAD,71.2861,3.784,-0.3576,"SUZB3,RENT3,BBDC4,VBBR3,ITUB4"
2505,2026-05-02T03:38:52+00:00,2026-05-02T00:38:52-03:00,228,TH-PETR4-bullish-9863,PETR4,bullish,BULL_CALL_SPREAD,80.5787,4.8248,3.1405,"HAPV3,GGBR4,PETR4,RAIL3,WEGE3,SUZB3"
2508,2026-05-02T03:39:17+00:00,2026-05-02T00:39:17-03:00,229,TH-BPAC11-bullish-4829,BPAC11,bullish,BULL_CALL_SPREAD,71.3538,3.7916,-2.2,"BBAS3,BPAC11,LREN3,CMIG4,RENT3"
2511,2026-05-02T03:39:37+00:00,2026-05-02T00:39:37-03:00,230,TH-SUZB3-bullish-10848,SUZB3,bullish,BULL_CALL_SPREAD,71.2861,3.784,-0.3576,"RADL3,GGBR4,RAIL3,SUZB3,ABEV3"
2514,2026-05-02T03:40:05+00:00,2026-05-02T00:40:05-03:00,231,TH-SUZB3-bullish-18372,SUZB3,bullish,BULL_CALL_SPREAD,71.2861,3.784,-0.3576,"ABEV3,ITUB4,RAIL3,VALE3,RADL3,SUZB3,BBAS3"
2517,2026-05-02T03:40:35+00:00,2026-05-02T00:40:35-03:00,232,TH-PETR4-bullish-21732,PETR4,bullish,BULL_CALL_SPREAD,80.5787,4.8248,3.1405,"HAPV3,ABEV3,ITUB4,BBDC4,BBAS3,PETR4"
2520,2026-05-02T03:41:05+00:00,2026-05-02T00:41:05-03:00,233,TH-PETR4-bullish-21272,PETR4,bullish,BULL_CALL_SPREAD,80.5787,4.8248,3.1405,"RADL3,BPAC11,RAIL3,JBSS3,SUZB3,ABEV3,PETR4"
2523,2026-05-02T03:41:39+00:00,2026-05-02T00:41:39-03:00,234,TH-PRIO3-bullish-1072,PRIO3,bullish,BULL_CALL_SPREAD,72.5161,3.9218,5.4,"PRIO3,GGBR4,VALE3,RAIL3,RADL3,CMIG4,BBAS3,RENT3"
2526,2026-05-02T03:42:12+00:00,2026-05-02T00:42:12-03:00,235,TH-BPAC11-bullish-23513,BPAC11,bullish,BULL_CALL_SPREAD,71.3538,3.7916,-2.2,"VALE3,SUZB3,BBAS3,JBSS3,LREN3,RENT3,BPAC11,GGBR4"
2529,2026-05-02T03:42:42+00:00,2026-05-02T00:42:42-03:00,236,TH-PRIO3-bullish-6583,PRIO3,bullish,BULL_CALL_SPREAD,72.5161,3.9218,5.4,"VALE3,VBBR3,PRIO3,BBAS3,BBDC4,BPAC11,JBSS3"
2532,2026-05-02T03:43:06+00:00,2026-05-02T00:43:06-03:00,237,TH-PRIO3-bullish-7615,PRIO3,bullish,BULL_CALL_SPREAD,72.5161,3.9218,5.4,"BPAC11,LREN3,PRIO3,B3SA3,RADL3"
2535,2026-05-02T03:43:29+00:00,2026-05-02T00:43:29-03:00,238,TH-PETR4-bullish-3514,PETR4,bullish,BULL_CALL_SPREAD,80.5787,4.8248,3.1405,"PETR4,ABEV3,B3SA3,RAIL3"
2538,2026-05-02T03:44:03+00:00,2026-05-02T00:44:03-03:00,239,TH-PETR4-bullish-7749,PETR4,bullish,BULL_CALL_SPREAD,80.5787,4.8248,3.1405,"GGBR4,PETR4,RENT3,SUZB3,ABEV3,BBDC4"
2541,2026-05-02T03:44:38+00:00,2026-05-02T00:44:38-03:00,240,TH-PETR4-bullish-7737,PETR4,bullish,BULL_CALL_SPREAD,80.5787,4.8248,3.1405,"CMIG4,PETR4,VALE3,ITUB4,ABEV3,B3SA3,WEGE3"
2544,2026-05-02T03:45:12+00:00,2026-05-02T00:45:12-03:00,241,TH-PRIO3-bullish-9411,PRIO3,bullish,BULL_CALL_SPREAD,72.5161,3.9218,5.4,"RADL3,RAIL3,SUZB3,PRIO3,CMIG4,B3SA3,LREN3,WEGE3"
2547,2026-05-02T03:45:32+00:00,2026-05-02T00:45:32-03:00,242,TH-RENT3-bullish-0110,RENT3,bullish,BULL_CALL_SPREAD,70.5084,3.6969,-1.383,"RENT3,RAIL3,WEGE3,B3SA3"
2550,2026-05-02T03:45:52+00:00,2026-05-02T00:45:52-03:00,243,TH-RAIL3-bullish-11752,RAIL3,bullish,BULL_CALL_SPREAD,70.2554,3.6686,5.4,"ABEV3,LREN3,CMIG4,RAIL3"
2553,2026-05-02T03:46:24+00:00,2026-05-02T00:46:24-03:00,244,TH-SUZB3-bullish-8565,SUZB3,bullish,BULL_CALL_SPREAD,71.2861,3.784,-0.3576,"BBDC4,RADL3,SUZB3,ITUB4,VALE3,VBBR3,JBSS3,GGBR4"
2556,2026-05-02T03:46:53+00:00,2026-05-02T00:46:53-03:00,245,TH-PRIO3-bullish-5298,PRIO3,bullish,BULL_CALL_SPREAD,72.5161,3.9218,5.4,"RENT3,PRIO3,GGBR4,ITUB4,BBDC4,HAPV3,SUZB3"
2559,2026-05-02T03:47:17+00:00,2026-05-02T00:47:17-03:00,246,TH-PETR4-bullish-5718,PETR4,bullish,BULL_CALL_SPREAD,80.5787,4.8248,3.1405,"SUZB3,PETR4,LREN3,JBSS3"
2562,2026-05-02T03:47:40+00:00,2026-05-02T00:47:40-03:00,247,TH-JBSS3-bullish-5287,JBSS3,bullish,BULL_CALL_SPREAD,71.172,3.7713,5.4,"WEGE3,JBSS3,GGBR4,RADL3,RENT3"
2565,2026-05-02T03:48:13+00:00,2026-05-02T00:48:13-03:00,248,TH-PRIO3-bullish-11632,PRIO3,bullish,BULL_CALL_SPREAD,72.5161,3.9218,5.4,"B3SA3,GGBR4,LREN3,PRIO3,SUZB3,BBAS3,VBBR3,BBDC4"
2568,2026-05-02T03:48:39+00:00,2026-05-02T00:48:39-03:00,249,TH-HAPV3-bearish-19637,HAPV3,bearish,BEAR_PUT_SPREAD,72.3877,3.9074,5.2,"BPAC11,RENT3,WEGE3,RADL3,JBSS3,HAPV3,RAIL3"
2571,2026-05-02T03:49:08+00:00,2026-05-02T00:49:08-03:00,250,TH-SUZB3-bullish-0478,SUZB3,bullish,BULL_CALL_SPREAD,71.2861,3.784,-0.3576,"SUZB3,RENT3,RADL3,BBDC4,B3SA3,GGBR4,BBAS3"
2574,2026-05-02T03:49:36+00:00,2026-05-02T00:49:36-03:00,251,TH-PETR4-bullish-3514,PETR4,bullish,BULL_CALL_SPREAD,80.5787,4.8248,3.1405,"PETR4,LREN3,VBBR3,BPAC11,BBDC4,RAIL3"
2577,2026-05-02T03:50:01+00:00,2026-05-02T00:50:01-03:00,252,TH-JBSS3-bullish-13768,JBSS3,bullish,BULL_CALL_SPREAD,71.172,3.7713,5.4,"WEGE3,BBAS3,LREN3,JBSS3,ABEV3,RAIL3"
2580,2026-05-02T03:50:34+00:00,2026-05-02T00:50:34-03:00,253,TH-PETR4-bullish-10605,PETR4,bullish,BULL_CALL_SPREAD,80.5787,4.8248,3.1405,"BBAS3,PRIO3,PETR4,SUZB3,VALE3,GGBR4"
2583,2026-05-02T03:51:02+00:00,2026-05-02T00:51:02-03:00,254,TH-RENT3-bullish-4303,RENT3,bullish,BULL_CALL_SPREAD,70.5084,3.6969,-1.383,"WEGE3,RENT3,GGBR4,B3SA3,CMIG4,BBAS3"
2586,2026-05-02T03:51:21+00:00,2026-05-02T00:51:21-03:00,255,TH-HAPV3-bearish-12117,HAPV3,bearish,BEAR_PUT_SPREAD,72.3877,3.9074,5.2,"LREN3,RAIL3,CMIG4,HAPV3"
2589,2026-05-02T03:51:57+00:00,2026-05-02T00:51:57-03:00,256,TH-PETR4-bullish-13299,PETR4,bullish,BULL_CALL_SPREAD,80.5787,4.8248,3.1405,"BBDC4,VBBR3,WEGE3,PETR4,RADL3,BBAS3,VALE3,RAIL3"
2592,2026-05-02T03:52:28+00:00,2026-05-02T00:52:28-03:00,257,TH-BPAC11-bullish-25955,BPAC11,bullish,BULL_CALL_SPREAD,71.3538,3.7916,-2.2,"BBAS3,GGBR4,RADL3,ITUB4,VBBR3,ABEV3,BBDC4,BPAC11"
2595,2026-05-02T03:52:58+00:00,2026-05-02T00:52:58-03:00,258,TH-PRIO3-bullish-4361,PRIO3,bullish,BULL_CALL_SPREAD,72.5161,3.9218,5.4,"ABEV3,PRIO3,ITUB4,B3SA3,JBSS3,BBDC4,SUZB3,RAIL3"
2598,2026-05-02T03:53:21+00:00,2026-05-02T00:53:21-03:00,259,TH-WEGE3-bullish-11005,WEGE3,bullish,BULL_CALL_SPREAD,73.6673,4.0507,5.0827,"ABEV3,LREN3,WEGE3,VALE3"
2601,2026-05-02T03:53:51+00:00,2026-05-02T00:53:51-03:00,260,TH-PRIO3-bullish-5309,PRIO3,bullish,BULL_CALL_SPREAD,72.5161,3.9218,5.4,"ITUB4,PRIO3,GGBR4,B3SA3,LREN3,CMIG4,BPAC11"
2604,2026-05-02T03:54:20+00:00,2026-05-02T00:54:20-03:00,261,TH-SUZB3-bullish-6359,SUZB3,bullish,BULL_CALL_SPREAD,71.2861,3.784,-0.3576,"RADL3,B3SA3,SUZB3,ITUB4,CMIG4,BBAS3,RENT3"
2607,2026-05-02T03:54:39+00:00,2026-05-02T00:54:39-03:00,262,TH-HAPV3-bearish-12120,HAPV3,bearish,BEAR_PUT_SPREAD,72.3877,3.9074,5.2,"RENT3,LREN3,RAIL3,HAPV3"
2610,2026-05-02T03:55:11+00:00,2026-05-02T00:55:11-03:00,263,TH-PETR4-bullish-3514,PETR4,bullish,BULL_CALL_SPREAD,80.5787,4.8248,3.1405,"PETR4,CMIG4,RADL3,RAIL3,SUZB3,JBSS3,BBAS3"
2613,2026-05-02T03:55:29+00:00,2026-05-02T00:55:29-03:00,264,TH-BPAC11-bullish-0565,BPAC11,bullish,BULL_CALL_SPREAD,71.3538,3.7916,-2.2,"BPAC11,SUZB3,BBDC4,RAIL3"
2616,2026-05-02T03:56:06+00:00,2026-05-02T00:56:06-03:00,265,TH-PETR4-bullish-16179,PETR4,bullish,BULL_CALL_SPREAD,80.5787,4.8248,3.1405,"B3SA3,RENT3,HAPV3,LREN3,PETR4,RADL3,ABEV3,PRIO3"
2619,2026-05-02T03:56:29+00:00,2026-05-02T00:56:29-03:00,266,TH-SUZB3-bullish-14294,SUZB3,bullish,BULL_CALL_SPREAD,71.2861,3.784,-0.3576,"B3SA3,WEGE3,RENT3,ABEV3,SUZB3"
2622,2026-05-02T03:56:55+00:00,2026-05-02T00:56:55-03:00,267,TH-HAPV3-bearish-12131,HAPV3,bearish,BEAR_PUT_SPREAD,72.3877,3.9074,5.2,"BBAS3,RENT3,BPAC11,HAPV3,GGBR4,VBBR3"
2625,2026-05-02T03:57:16+00:00,2026-05-02T00:57:16-03:00,268,TH-GGBR4-bullish-9854,GGBR4,bullish,BULL_CALL_SPREAD,70.4848,3.6943,-2.2,"VBBR3,LREN3,VALE3,GGBR4"
2628,2026-05-02T03:57:55+00:00,2026-05-02T00:57:55-03:00,269,TH-PETR4-bullish-15252,PETR4,bullish,BULL_CALL_SPREAD,80.5787,4.8248,3.1405,"RENT3,CMIG4,ABEV3,PETR4,VBBR3,BBDC4,PRIO3,GGBR4"
2631,2026-05-02T03:58:34+00:00,2026-05-02T00:58:34-03:00,270,TH-PETR4-bullish-11582,PETR4,bullish,BULL_CALL_SPREAD,80.5787,4.8248,3.1405,"BBAS3,JBSS3,PETR4,RADL3,RENT3,CMIG4,BBDC4,SUZB3"
2634,2026-05-02T03:59:03+00:00,2026-05-02T00:59:03-03:00,271,TH-JBSS3-bullish-11661,JBSS3,bullish,BULL_CALL_SPREAD,71.172,3.7713,5.4,"B3SA3,VALE3,RENT3,JBSS3,CMIG4,WEGE3,GGBR4"
2637,2026-05-02T03:59:30+00:00,2026-05-02T00:59:30-03:00,272,TH-PRIO3-bullish-9542,PRIO3,bullish,BULL_CALL_SPREAD,72.5161,3.9218,5.4,"VALE3,ITUB4,PRIO3,CMIG4,RAIL3"
2640,2026-05-02T03:59:54+00:00,2026-05-02T00:59:54-03:00,273,TH-HAPV3-bearish-5552,HAPV3,bearish,BEAR_PUT_SPREAD,72.3877,3.9074,5.2,"ITUB4,HAPV3,VBBR3,GGBR4,B3SA3,RENT3"
2643,2026-05-02T04:00:31+00:00,2026-05-02T01:00:31-03:00,274,TH-PRIO3-bullish-20869,PRIO3,bullish,BULL_CALL_SPREAD,72.5161,3.9218,5.4,"CMIG4,LREN3,ABEV3,JBSS3,BBAS3,PRIO3,RADL3"
2646,2026-05-02T04:01:00+00:00,2026-05-02T01:01:00-03:00,275,TH-HAPV3-bearish-19470,HAPV3,bearish,BEAR_PUT_SPREAD,72.3877,3.9074,5.2,"GGBR4,CMIG4,WEGE3,RENT3,VBBR3,HAPV3"
2649,2026-05-02T04:01:27+00:00,2026-05-02T01:01:27-03:00,276,TH-PETR4-bullish-12090,PETR4,bullish,BULL_CALL_SPREAD,80.5787,4.8248,3.1405,"B3SA3,SUZB3,BBAS3,PETR4"
2652,2026-05-02T04:01:48+00:00,2026-05-02T01:01:48-03:00,277,TH-GGBR4-bullish-4363,GGBR4,bullish,BULL_CALL_SPREAD,70.4848,3.6943,-2.2,"ITUB4,GGBR4,VBBR3,ABEV3"
2655,2026-05-02T04:02:12+00:00,2026-05-02T01:02:12-03:00,278,TH-BPAC11-bullish-6899,BPAC11,bullish,BULL_CALL_SPREAD,71.3538,3.7916,-2.2,"RENT3,B3SA3,BPAC11,CMIG4,RADL3"
2658,2026-05-02T04:02:40+00:00,2026-05-02T01:02:40-03:00,279,TH-PETR4-bullish-17156,PETR4,bullish,BULL_CALL_SPREAD,80.5787,4.8248,3.1405,"JBSS3,BPAC11,ABEV3,CMIG4,PETR4"
2661,2026-05-02T04:03:07+00:00,2026-05-02T01:03:07-03:00,280,TH-HAPV3-bearish-13034,HAPV3,bearish,BEAR_PUT_SPREAD,72.3877,3.9074,5.2,"ABEV3,ITUB4,WEGE3,HAPV3,CMIG4,SUZB3,RAIL3"
2664,2026-05-02T04:03:30+00:00,2026-05-02T01:03:30-03:00,281,TH-B3SA3-bearish-0016,B3SA3,bearish,BEAR_PUT_SPREAD,70.2572,3.6688,4.1816,"B3SA3,ABEV3,BBAS3,RAIL3,VALE3"
2667,2026-05-02T04:04:01+00:00,2026-05-02T01:04:01-03:00,282,TH-BPAC11-bullish-0565,BPAC11,bullish,BULL_CALL_SPREAD,71.3538,3.7916,-2.2,"BPAC11,BBDC4,GGBR4,SUZB3,CMIG4,RENT3,RADL3"
2670,2026-05-02T04:04:26+00:00,2026-05-02T01:04:26-03:00,283,TH-GGBR4-bullish-4359,GGBR4,bullish,BULL_CALL_SPREAD,70.4848,3.6943,-2.2,"VALE3,GGBR4,LREN3,B3SA3,WEGE3"
2673,2026-05-02T04:04:54+00:00,2026-05-02T01:04:54-03:00,284,TH-PETR4-bullish-3514,PETR4,bullish,BULL_CALL_SPREAD,80.5787,4.8248,3.1405,"PETR4,LREN3,RAIL3,BPAC11,HAPV3"
2676,2026-05-02T04:05:20+00:00,2026-05-02T01:05:20-03:00,285,TH-HAPV3-bearish-4604,HAPV3,bearish,BEAR_PUT_SPREAD,72.3877,3.9074,5.2,"ABEV3,HAPV3,CMIG4,JBSS3,SUZB3,LREN3"
2679,2026-05-02T04:05:54+00:00,2026-05-02T01:05:54-03:00,286,TH-PETR4-bullish-14199,PETR4,bullish,BULL_CALL_SPREAD,80.5787,4.8248,3.1405,"LREN3,SUZB3,BBAS3,PETR4,WEGE3,RENT3,BPAC11"
2682,2026-05-02T04:06:13+00:00,2026-05-02T01:06:13-03:00,287,TH-SUZB3-bullish-8351,SUZB3,bullish,BULL_CALL_SPREAD,71.2861,3.784,-0.3576,"RAIL3,VALE3,VBBR3,SUZB3"
2685,2026-05-02T04:06:33+00:00,2026-05-02T01:06:33-03:00,288,TH-HAPV3-bearish-5532,HAPV3,bearish,BEAR_PUT_SPREAD,72.3877,3.9074,5.2,"LREN3,HAPV3,RADL3,BBAS3"
2688,2026-05-02T04:07:03+00:00,2026-05-02T01:07:03-03:00,289,TH-PRIO3-bullish-16061,PRIO3,bullish,BULL_CALL_SPREAD,72.5161,3.9218,5.4,"WEGE3,ITUB4,BPAC11,VALE3,PRIO3,BBAS3"
2691,2026-05-02T04:07:33+00:00,2026-05-02T01:07:33-03:00,290,TH-PETR4-bullish-18777,PETR4,bullish,BULL_CALL_SPREAD,80.5787,4.8248,3.1405,"JBSS3,VBBR3,RAIL3,SUZB3,BPAC11,ABEV3,PETR4,RENT3"
2694,2026-05-02T04:08:04+00:00,2026-05-02T01:08:04-03:00,291,TH-PETR4-bullish-19054,PETR4,bullish,BULL_CALL_SPREAD,80.5787,4.8248,3.1405,"RENT3,BBAS3,PRIO3,CMIG4,PETR4"
2697,2026-05-02T04:08:29+00:00,2026-05-02T01:08:29-03:00,292,TH-HAPV3-bearish-1315,HAPV3,bearish,BEAR_PUT_SPREAD,72.3877,3.9074,5.2,"HAPV3,RENT3,VALE3,JBSS3,GGBR4"
2700,2026-05-02T04:08:52+00:00,2026-05-02T01:08:52-03:00,293,TH-BPAC11-bullish-13228,BPAC11,bullish,BULL_CALL_SPREAD,71.3538,3.7916,-2.2,"ITUB4,WEGE3,VALE3,BPAC11,LREN3"
2703,2026-05-02T04:09:23+00:00,2026-05-02T01:09:23-03:00,294,TH-PETR4-bullish-13403,PETR4,bullish,BULL_CALL_SPREAD,80.5787,4.8248,3.1405,"PRIO3,ABEV3,RADL3,PETR4,BBDC4,HAPV3"
2706,2026-05-02T04:09:54+00:00,2026-05-02T01:09:54-03:00,295,TH-SUZB3-bullish-21991,SUZB3,bullish,BULL_CALL_SPREAD,71.2861,3.784,-0.3576,"CMIG4,RENT3,VBBR3,BBAS3,ABEV3,VALE3,SUZB3,JBSS3"
2709,2026-05-02T04:10:24+00:00,2026-05-02T01:10:24-03:00,296,TH-PETR4-bullish-3514,PETR4,bullish,BULL_CALL_SPREAD,80.5787,4.8248,3.1405,"PETR4,ITUB4,PRIO3,RAIL3,RENT3,RADL3"
2712,2026-05-02T04:10:44+00:00,2026-05-02T01:10:44-03:00,297,TH-HAPV3-bearish-5541,HAPV3,bearish,BEAR_PUT_SPREAD,72.3877,3.9074,5.2,"RENT3,HAPV3,BBDC4,GGBR4"
2715,2026-05-02T04:11:10+00:00,2026-05-02T01:11:10-03:00,298,TH-RENT3-bullish-0110,RENT3,bullish,BULL_CALL_SPREAD,70.5084,3.6969,-1.383,"RENT3,VBBR3,RAIL3,ABEV3,ITUB4,WEGE3"
2718,2026-05-02T04:11:52+00:00,2026-05-02T01:11:52-03:00,299,TH-PETR4-bullish-28454,PETR4,bullish,BULL_CALL_SPREAD,80.5787,4.8248,3.1405,"BBAS3,RENT3,CMIG4,RADL3,ITUB4,LREN3,PETR4,PRIO3"
2721,2026-05-02T04:12:23+00:00,2026-05-02T01:12:23-03:00,300,TH-GGBR4-bullish-4349,GGBR4,bullish,BULL_CALL_SPREAD,70.4848,3.6943,-2.2,"CMIG4,GGBR4,ITUB4,RADL3,ABEV3,BBAS3,VALE3"
2724,2026-05-02T04:12:54+00:00,2026-05-02T01:12:54-03:00,301,TH-PRIO3-bullish-21391,PRIO3,bullish,BULL_CALL_SPREAD,72.5161,3.9218,5.4,"GGBR4,LREN3,BBAS3,BBDC4,ABEV3,PRIO3,SUZB3"
2727,2026-05-02T04:13:19+00:00,2026-05-02T01:13:19-03:00,302,TH-SUZB3-bullish-16582,SUZB3,bullish,BULL_CALL_SPREAD,71.2861,3.784,-0.3576,"BBAS3,LREN3,ITUB4,B3SA3,VBBR3,SUZB3"
2730,2026-05-02T04:13:51+00:00,2026-05-02T01:13:51-03:00,303,TH-HAPV3-bearish-7991,HAPV3,bearish,BEAR_PUT_SPREAD,72.3877,3.9074,5.2,"RAIL3,BBDC4,HAPV3,ITUB4,GGBR4,LREN3,WEGE3,SUZB3"
2733,2026-05-02T04:14:12+00:00,2026-05-02T01:14:12-03:00,304,TH-JBSS3-bullish-6607,JBSS3,bullish,BULL_CALL_SPREAD,71.172,3.7713,5.4,"VBBR3,GGBR4,JBSS3,RADL3"
2736,2026-05-02T04:14:44+00:00,2026-05-02T01:14:44-03:00,305,TH-PETR4-bullish-20508,PETR4,bullish,BULL_CALL_SPREAD,80.5787,4.8248,3.1405,"RENT3,BBDC4,ITUB4,LREN3,PETR4,WEGE3"
2739,2026-05-02T04:15:07+00:00,2026-05-02T01:15:07-03:00,306,TH-PRIO3-bullish-4876,PRIO3,bullish,BULL_CALL_SPREAD,72.5161,3.9218,5.4,"JBSS3,PRIO3,GGBR4,B3SA3"
2742,2026-05-02T04:15:33+00:00,2026-05-02T01:15:33-03:00,307,TH-BPAC11-bullish-9021,BPAC11,bullish,BULL_CALL_SPREAD,71.3538,3.7916,-2.2,"CMIG4,VALE3,BPAC11,ITUB4,JBSS3"
2745,2026-05-02T04:16:02+00:00,2026-05-02T01:16:02-03:00,308,TH-PRIO3-bullish-9623,PRIO3,bullish,BULL_CALL_SPREAD,72.5161,3.9218,5.4,"BBDC4,ITUB4,PRIO3,GGBR4,RAIL3,HAPV3,VBBR3"
2748,2026-05-02T04:16:36+00:00,2026-05-02T01:16:36-03:00,309,TH-PETR4-bullish-29115,PETR4,bullish,BULL_CALL_SPREAD,80.5787,4.8248,3.1405,"CMIG4,BPAC11,B3SA3,LREN3,ITUB4,BBAS3,RENT3,PETR4"
2751,2026-05-02T04:17:06+00:00,2026-05-02T01:17:06-03:00,310,TH-HAPV3-bearish-16363,HAPV3,bearish,BEAR_PUT_SPREAD,72.3877,3.9074,5.2,"GGBR4,BPAC11,CMIG4,BBAS3,HAPV3,LREN3,VALE3"
2754,2026-05-02T04:17:38+00:00,2026-05-02T01:17:38-03:00,311,TH-HAPV3-bearish-9785,HAPV3,bearish,BEAR_PUT_SPREAD,72.3877,3.9074,5.2,"VALE3,ITUB4,HAPV3,GGBR4,B3SA3,BBDC4,CMIG4,RENT3"
2757,2026-05-02T04:18:06+00:00,2026-05-02T01:18:06-03:00,312,TH-HAPV3-bearish-1315,HAPV3,bearish,BEAR_PUT_SPREAD,72.3877,3.9074,5.2,"HAPV3,ABEV3,VBBR3,BPAC11,RAIL3,BBAS3,B3SA3,VALE3"
2760,2026-05-02T04:18:41+00:00,2026-05-02T01:18:41-03:00,313,TH-PRIO3-bullish-5298,PRIO3,bullish,BULL_CALL_SPREAD,72.5161,3.9218,5.4,"RENT3,PRIO3,VBBR3,BBDC4,GGBR4,RADL3,ITUB4,B3SA3"
2763,2026-05-02T04:19:05+00:00,2026-05-02T01:19:05-03:00,314,TH-PRIO3-bullish-4845,PRIO3,bullish,BULL_CALL_SPREAD,72.5161,3.9218,5.4,"RADL3,PRIO3,VBBR3,RENT3,BPAC11"
2766,2026-05-02T04:19:32+00:00,2026-05-02T01:19:32-03:00,315,TH-PETR4-bullish-10574,PETR4,bullish,BULL_CALL_SPREAD,80.5787,4.8248,3.1405,"PRIO3,VALE3,PETR4,ITUB4"
2769,2026-05-02T04:20:06+00:00,2026-05-02T01:20:06-03:00,316,TH-PETR4-bullish-7828,PETR4,bullish,BULL_CALL_SPREAD,80.5787,4.8248,3.1405,"BBDC4,PETR4,RAIL3,VALE3,RADL3,LREN3,GGBR4"
2772,2026-05-02T04:20:36+00:00,2026-05-02T01:20:36-03:00,317,TH-PRIO3-bullish-15659,PRIO3,bullish,BULL_CALL_SPREAD,72.5161,3.9218,5.4,"JBSS3,BPAC11,WEGE3,BBAS3,PRIO3,ITUB4"
2775,2026-05-02T04:21:09+00:00,2026-05-02T01:21:09-03:00,318,TH-PETR4-bullish-3514,PETR4,bullish,BULL_CALL_SPREAD,80.5787,4.8248,3.1405,"PETR4,CMIG4,GGBR4,BBDC4,PRIO3,JBSS3"
2778,2026-05-02T04:21:29+00:00,2026-05-02T01:21:29-03:00,319,TH-JBSS3-bullish-10805,JBSS3,bullish,BULL_CALL_SPREAD,71.172,3.7713,5.4,"ABEV3,B3SA3,BBDC4,JBSS3"
2781,2026-05-02T04:21:56+00:00,2026-05-02T01:21:56-03:00,320,TH-BPAC11-bullish-15770,BPAC11,bullish,BULL_CALL_SPREAD,71.3538,3.7916,-2.2,"SUZB3,B3SA3,BBDC4,LREN3,RAIL3,BPAC11,ITUB4"
2784,2026-05-02T04:22:19+00:00,2026-05-02T01:22:19-03:00,321,TH-HAPV3-bearish-5552,HAPV3,bearish,BEAR_PUT_SPREAD,72.3877,3.9074,5.2,"ITUB4,HAPV3,JBSS3,RADL3,CMIG4"
2787,2026-05-02T04:22:44+00:00,2026-05-02T01:22:44-03:00,322,TH-PETR4-bullish-3514,PETR4,bullish,BULL_CALL_SPREAD,80.5787,4.8248,3.1405,"PETR4,HAPV3,BBAS3,WEGE3"
2790,2026-05-02T04:23:07+00:00,2026-05-02T01:23:07-03:00,323,TH-SUZB3-bullish-0478,SUZB3,bullish,BULL_CALL_SPREAD,71.2861,3.784,-0.3576,"SUZB3,VBBR3,RAIL3,RENT3,WEGE3"
2793,2026-05-02T04:23:33+00:00,2026-05-02T01:23:33-03:00,324,TH-JBSS3-bullish-1094,JBSS3,bullish,BULL_CALL_SPREAD,71.172,3.7713,5.4,"JBSS3,LREN3,WEGE3,VALE3,GGBR4"
2796,2026-05-02T04:24:06+00:00,2026-05-02T01:24:06-03:00,325,TH-PRIO3-bullish-5386,PRIO3,bullish,BULL_CALL_SPREAD,72.5161,3.9218,5.4,"BBDC4,PRIO3,ITUB4,ABEV3,GGBR4,VALE3,RADL3"
2799,2026-05-02T04:24:35+00:00,2026-05-02T01:24:35-03:00,326,TH-HAPV3-bearish-1315,HAPV3,bearish,BEAR_PUT_SPREAD,72.3877,3.9074,5.2,"HAPV3,ITUB4,WEGE3,SUZB3,VALE3,BPAC11,ABEV3,GGBR4"
2802,2026-05-02T04:25:01+00:00,2026-05-02T01:25:01-03:00,327,TH-PRIO3-bullish-9140,PRIO3,bullish,BULL_CALL_SPREAD,72.5161,3.9218,5.4,"JBSS3,BBAS3,PRIO3,LREN3,B3SA3"
2805,2026-05-02T04:25:27+00:00,2026-05-02T01:25:27-03:00,328,TH-GGBR4-bullish-8627,GGBR4,bullish,BULL_CALL_SPREAD,70.4848,3.6943,-2.2,"BBAS3,ITUB4,GGBR4,CMIG4,BBDC4"
2808,2026-05-02T04:26:03+00:00,2026-05-02T01:26:03-03:00,329,TH-PETR4-bullish-7737,PETR4,bullish,BULL_CALL_SPREAD,80.5787,4.8248,3.1405,"CMIG4,PETR4,PRIO3,VALE3,BBDC4,ITUB4"
2811,2026-05-02T04:26:29+00:00,2026-05-02T01:26:29-03:00,330,TH-RAIL3-bullish-8013,RAIL3,bullish,BULL_CALL_SPREAD,70.2554,3.6686,5.4,"RADL3,LREN3,RAIL3,BBDC4,BBAS3"
2814,2026-05-02T04:27:06+00:00,2026-05-02T01:27:06-03:00,331,TH-PRIO3-bullish-20320,PRIO3,bullish,BULL_CALL_SPREAD,72.5161,3.9218,5.4,"CMIG4,VALE3,ITUB4,WEGE3,RAIL3,PRIO3,BBDC4,VBBR3"
2817,2026-05-02T04:27:36+00:00,2026-05-02T01:27:36-03:00,332,TH-PRIO3-bullish-7635,PRIO3,bullish,BULL_CALL_SPREAD,72.5161,3.9218,5.4,"ITUB4,BPAC11,PRIO3,BBDC4,GGBR4,CMIG4"
2820,2026-05-02T04:28:01+00:00,2026-05-02T01:28:01-03:00,333,TH-PETR4-bullish-12227,PETR4,bullish,BULL_CALL_SPREAD,80.5787,4.8248,3.1405,"RAIL3,HAPV3,ITUB4,PETR4"
2823,2026-05-02T04:28:25+00:00,2026-05-02T01:28:25-03:00,334,TH-PRIO3-bullish-9071,PRIO3,bullish,BULL_CALL_SPREAD,72.5161,3.9218,5.4,"RADL3,RENT3,PRIO3,VALE3"
2826,2026-05-02T04:28:56+00:00,2026-05-02T01:28:56-03:00,335,TH-HAPV3-bearish-25152,HAPV3,bearish,BEAR_PUT_SPREAD,72.3877,3.9074,5.2,"ITUB4,RAIL3,B3SA3,RADL3,ABEV3,BBAS3,JBSS3,HAPV3"
2829,2026-05-02T04:29:22+00:00,2026-05-02T01:29:22-03:00,336,TH-HAPV3-bearish-14179,HAPV3,bearish,BEAR_PUT_SPREAD,72.3877,3.9074,5.2,"WEGE3,ITUB4,B3SA3,BPAC11,HAPV3,LREN3"
2832,2026-05-02T04:29:49+00:00,2026-05-02T01:29:49-03:00,337,TH-GGBR4-bullish-0126,GGBR4,bullish,BULL_CALL_SPREAD,70.4848,3.6943,-2.2,"GGBR4,LREN3,BBDC4,WEGE3,ITUB4"
2835,2026-05-02T04:30:14+00:00,2026-05-02T01:30:14-03:00,338,TH-BPAC11-bullish-0565,BPAC11,bullish,BULL_CALL_SPREAD,71.3538,3.7916,-2.2,"BPAC11,BBAS3,RAIL3,ITUB4,GGBR4"
2838,2026-05-02T04:30:40+00:00,2026-05-02T01:30:40-03:00,339,TH-PRIO3-bullish-7669,PRIO3,bullish,BULL_CALL_SPREAD,72.5161,3.9218,5.4,"RAIL3,GGBR4,PRIO3,RENT3,BBDC4"
2841,2026-05-02T04:31:18+00:00,2026-05-02T01:31:18-03:00,340,TH-PETR4-bullish-3514,PETR4,bullish,BULL_CALL_SPREAD,80.5787,4.8248,3.1405,"PETR4,B3SA3,BBAS3,HAPV3,GGBR4,ITUB4,PRIO3,ABEV3"
2844,2026-05-02T04:31:43+00:00,2026-05-02T01:31:43-03:00,341,TH-SUZB3-bullish-9902,SUZB3,bullish,BULL_CALL_SPREAD,71.2861,3.784,-0.3576,"ABEV3,RADL3,RAIL3,SUZB3,ITUB4,JBSS3"
2847,2026-05-02T04:32:03+00:00,2026-05-02T01:32:03-03:00,342,TH-RAIL3-bullish-11302,RAIL3,bullish,BULL_CALL_SPREAD,70.2554,3.6686,5.4,"ABEV3,RADL3,LREN3,RAIL3"
2850,2026-05-02T04:32:26+00:00,2026-05-02T01:32:26-03:00,343,TH-BPAC11-bullish-12304,BPAC11,bullish,BULL_CALL_SPREAD,71.3538,3.7916,-2.2,"ABEV3,LREN3,VALE3,BPAC11,BBDC4"
2853,2026-05-02T04:32:57+00:00,2026-05-02T01:32:57-03:00,344,TH-PRIO3-bullish-11667,PRIO3,bullish,BULL_CALL_SPREAD,72.5161,3.9218,5.4,"B3SA3,CMIG4,BBAS3,PRIO3,RAIL3,RADL3,GGBR4"
2856,2026-05-02T04:33:24+00:00,2026-05-02T01:33:24-03:00,345,TH-PRIO3-bullish-8578,PRIO3,bullish,BULL_CALL_SPREAD,72.5161,3.9218,5.4,"LREN3,ABEV3,PRIO3,JBSS3,VBBR3,BPAC11"
2859,2026-05-02T04:34:00+00:00,2026-05-02T01:34:00-03:00,346,TH-HAPV3-bearish-26127,HAPV3,bearish,BEAR_PUT_SPREAD,72.3877,3.9074,5.2,"JBSS3,BBDC4,CMIG4,BBAS3,RADL3,B3SA3,BPAC11,HAPV3"
2862,2026-05-02T04:34:34+00:00,2026-05-02T01:34:34-03:00,347,TH-PRIO3-bullish-1072,PRIO3,bullish,BULL_CALL_SPREAD,72.5161,3.9218,5.4,"PRIO3,BBAS3,WEGE3,GGBR4,BBDC4,VALE3"
2865,2026-05-02T04:35:02+00:00,2026-05-02T01:35:02-03:00,348,TH-PETR4-bullish-10576,PETR4,bullish,BULL_CALL_SPREAD,80.5787,4.8248,3.1405,"RADL3,ABEV3,PETR4,JBSS3"
2868,2026-05-02T04:35:27+00:00,2026-05-02T01:35:27-03:00,349,TH-GGBR4-bullish-14447,GGBR4,bullish,BULL_CALL_SPREAD,70.4848,3.6943,-2.2,"B3SA3,CMIG4,RADL3,LREN3,GGBR4"
2871,2026-05-02T04:36:03+00:00,2026-05-02T01:36:03-03:00,350,TH-PRIO3-bullish-10809,PRIO3,bullish,BULL_CALL_SPREAD,72.5161,3.9218,5.4,"VBBR3,VALE3,RENT3,PRIO3,ABEV3,BBAS3,HAPV3,WEGE3"
2874,2026-05-02T04:36:26+00:00,2026-05-02T01:36:26-03:00,351,TH-PRIO3-bullish-9159,PRIO3,bullish,BULL_CALL_SPREAD,72.5161,3.9218,5.4,"BBDC4,RADL3,PRIO3,ITUB4"
2877,2026-05-02T04:36:53+00:00,2026-05-02T01:36:53-03:00,352,TH-JBSS3-bullish-9645,JBSS3,bullish,BULL_CALL_SPREAD,71.172,3.7713,5.4,"ITUB4,BBDC4,JBSS3,BBAS3,VALE3,VBBR3"
2880,2026-05-02T04:37:14+00:00,2026-05-02T01:37:14-03:00,353,TH-HAPV3-bearish-12645,HAPV3,bearish,BEAR_PUT_SPREAD,72.3877,3.9074,5.2,"ITUB4,ABEV3,JBSS3,HAPV3"
2883,2026-05-02T04:37:40+00:00,2026-05-02T01:37:40-03:00,354,TH-PETR4-bullish-6341,PETR4,bullish,BULL_CALL_SPREAD,80.5787,4.8248,3.1405,"PRIO3,PETR4,RAIL3,ITUB4"
2886,2026-05-02T04:38:09+00:00,2026-05-02T01:38:09-03:00,355,TH-RENT3-bullish-4347,RENT3,bullish,BULL_CALL_SPREAD,70.5084,3.6969,-1.383,"ITUB4,RENT3,VALE3,BBDC4,ABEV3"
2889,2026-05-02T04:38:34+00:00,2026-05-02T01:38:34-03:00,356,TH-PRIO3-bullish-9024,PRIO3,bullish,BULL_CALL_SPREAD,72.5161,3.9218,5.4,"VBBR3,B3SA3,RAIL3,SUZB3,PRIO3,VALE3"
2892,2026-05-02T04:39:02+00:00,2026-05-02T01:39:02-03:00,357,TH-PETR4-bullish-11930,PETR4,bullish,BULL_CALL_SPREAD,80.5787,4.8248,3.1405,"WEGE3,CMIG4,PETR4,BPAC11,JBSS3"
2895,2026-05-02T04:39:25+00:00,2026-05-02T01:39:25-03:00,358,TH-BPAC11-bullish-8652,BPAC11,bullish,BULL_CALL_SPREAD,71.3538,3.7916,-2.2,"RADL3,BBDC4,BPAC11,RENT3,ABEV3"
2898,2026-05-02T04:39:50+00:00,2026-05-02T01:39:50-03:00,359,TH-PETR4-bullish-11036,PETR4,bullish,BULL_CALL_SPREAD,80.5787,4.8248,3.1405,"VALE3,ABEV3,PETR4,BBDC4"
2901,2026-05-02T04:40:12+00:00,2026-05-02T01:40:12-03:00,360,TH-JBSS3-bullish-8600,JBSS3,bullish,BULL_CALL_SPREAD,71.172,3.7713,5.4,"ABEV3,LREN3,JBSS3,BBDC4"
2904,2026-05-02T04:40:32+00:00,2026-05-02T01:40:32-03:00,361,TH-PRIO3-bullish-7651,PRIO3,bullish,BULL_CALL_SPREAD,72.5161,3.9218,5.4,"LREN3,RAIL3,PRIO3,B3SA3"
2907,2026-05-02T04:40:55+00:00,2026-05-02T01:40:55-03:00,362,TH-HAPV3-bearish-1315,HAPV3,bearish,BEAR_PUT_SPREAD,72.3877,3.9074,5.2,"HAPV3,VBBR3,VALE3,RADL3,CMIG4"
2910,2026-05-02T04:41:16+00:00,2026-05-02T01:41:16-03:00,363,TH-HAPV3-bearish-7712,HAPV3,bearish,BEAR_PUT_SPREAD,72.3877,3.9074,5.2,"WEGE3,SUZB3,HAPV3,JBSS3"
2913,2026-05-02T04:41:54+00:00,2026-05-02T01:41:54-03:00,364,TH-PETR4-bullish-19687,PETR4,bullish,BULL_CALL_SPREAD,80.5787,4.8248,3.1405,"VALE3,SUZB3,GGBR4,VBBR3,CMIG4,PETR4,WEGE3,BPAC11"
2916,2026-05-02T04:42:17+00:00,2026-05-02T01:42:17-03:00,365,TH-WEGE3-bullish-3499,WEGE3,bullish,BULL_CALL_SPREAD,73.6673,4.0507,5.0827,"WEGE3,BBDC4,VALE3,ABEV3"
2919,2026-05-02T04:42:48+00:00,2026-05-02T01:42:48-03:00,366,TH-BPAC11-bullish-12827,BPAC11,bullish,BULL_CALL_SPREAD,71.3538,3.7916,-2.2,"JBSS3,CMIG4,GGBR4,BPAC11,ABEV3,SUZB3,VALE3"
2922,2026-05-02T04:43:22+00:00,2026-05-02T01:43:22-03:00,367,TH-PETR4-bullish-23040,PETR4,bullish,BULL_CALL_SPREAD,80.5787,4.8248,3.1405,"RAIL3,BPAC11,WEGE3,BBDC4,B3SA3,CMIG4,PETR4"
2925,2026-05-02T04:43:56+00:00,2026-05-02T01:43:56-03:00,368,TH-PRIO3-bullish-21478,PRIO3,bullish,BULL_CALL_SPREAD,72.5161,3.9218,5.4,"RENT3,BPAC11,BBAS3,ABEV3,B3SA3,WEGE3,PRIO3,RADL3"
2928,2026-05-02T04:44:25+00:00,2026-05-02T01:44:25-03:00,369,TH-HAPV3-bearish-9773,HAPV3,bearish,BEAR_PUT_SPREAD,72.3877,3.9074,5.2,"CMIG4,GGBR4,HAPV3,ITUB4,RADL3,SUZB3,JBSS3"
2931,2026-05-02T04:44:59+00:00,2026-05-02T01:44:59-03:00,370,TH-PETR4-bullish-3514,PETR4,bullish,BULL_CALL_SPREAD,80.5787,4.8248,3.1405,"PETR4,B3SA3,GGBR4,CMIG4,VALE3,RAIL3,RENT3"
2934,2026-05-02T04:45:22+00:00,2026-05-02T01:45:22-03:00,371,TH-HAPV3-bearish-5550,HAPV3,bearish,BEAR_PUT_SPREAD,72.3877,3.9074,5.2,"GGBR4,HAPV3,ABEV3,LREN3,SUZB3"
2937,2026-05-02T04:45:49+00:00,2026-05-02T01:45:49-03:00,372,TH-PETR4-bullish-18903,PETR4,bullish,BULL_CALL_SPREAD,80.5787,4.8248,3.1405,"SUZB3,BBAS3,VALE3,RAIL3,BPAC11,PETR4"
2940,2026-05-02T04:46:23+00:00,2026-05-02T01:46:23-03:00,373,TH-HAPV3-bearish-1315,HAPV3,bearish,BEAR_PUT_SPREAD,72.3877,3.9074,5.2,"HAPV3,WEGE3,VALE3,BBAS3,RADL3,JBSS3,LREN3,GGBR4"
2943,2026-05-02T04:46:42+00:00,2026-05-02T01:46:42-03:00,374,TH-RENT3-bullish-1388,RENT3,bullish,BULL_CALL_SPREAD,70.5084,3.6969,-1.383,"VBBR3,RENT3,ABEV3,RAIL3"
2946,2026-05-02T04:47:01+00:00,2026-05-02T01:47:01-03:00,375,TH-BPAC11-bullish-0565,BPAC11,bullish,BULL_CALL_SPREAD,71.3538,3.7916,-2.2,"BPAC11,CMIG4,LREN3,VBBR3"
2949,2026-05-02T04:47:20+00:00,2026-05-02T01:47:20-03:00,376,TH-SUZB3-bullish-10172,SUZB3,bullish,BULL_CALL_SPREAD,71.2861,3.784,-0.3576,"WEGE3,CMIG4,VBBR3,SUZB3"
2952,2026-05-02T04:47:54+00:00,2026-05-02T01:47:54-03:00,377,TH-PETR4-bullish-20957,PETR4,bullish,BULL_CALL_SPREAD,80.5787,4.8248,3.1405,"BBAS3,LREN3,RAIL3,PRIO3,RADL3,PETR4,BPAC11"
2955,2026-05-02T04:48:23+00:00,2026-05-02T01:48:23-03:00,378,TH-BPAC11-bullish-12578,BPAC11,bullish,BULL_CALL_SPREAD,71.3538,3.7916,-2.2,"SUZB3,LREN3,BBDC4,VBBR3,BPAC11,CMIG4,BBAS3"
2958,2026-05-02T04:48:48+00:00,2026-05-02T01:48:48-03:00,379,TH-PETR4-bullish-5628,PETR4,bullish,BULL_CALL_SPREAD,80.5787,4.8248,3.1405,"HAPV3,PETR4,BBAS3,B3SA3"
2961,2026-05-02T04:49:22+00:00,2026-05-02T01:49:22-03:00,380,TH-PETR4-bullish-14387,PETR4,bullish,BULL_CALL_SPREAD,80.5787,4.8248,3.1405,"GGBR4,B3SA3,SUZB3,BPAC11,PETR4,BBDC4,WEGE3,ABEV3"
2964,2026-05-02T04:49:53+00:00,2026-05-02T01:49:53-03:00,381,TH-HAPV3-bearish-16116,HAPV3,bearish,BEAR_PUT_SPREAD,72.3877,3.9074,5.2,"B3SA3,VALE3,CMIG4,ITUB4,HAPV3,RADL3,BPAC11,LREN3"
2967,2026-05-02T04:50:20+00:00,2026-05-02T01:50:20-03:00,382,TH-PETR4-bullish-13181,PETR4,bullish,BULL_CALL_SPREAD,80.5787,4.8248,3.1405,"ABEV3,HAPV3,BBAS3,PETR4,WEGE3,VBBR3"
2970,2026-05-02T04:50:41+00:00,2026-05-02T01:50:41-03:00,383,TH-WEGE3-bullish-12773,WEGE3,bullish,BULL_CALL_SPREAD,73.6673,4.0507,5.0827,"CMIG4,VBBR3,RADL3,WEGE3"
2973,2026-05-02T04:51:02+00:00,2026-05-02T01:51:02-03:00,384,TH-HAPV3-bearish-5532,HAPV3,bearish,BEAR_PUT_SPREAD,72.3877,3.9074,5.2,"LREN3,HAPV3,WEGE3,BBAS3"
2976,2026-05-02T04:51:22+00:00,2026-05-02T01:51:22-03:00,385,TH-CMIG4-bearish-9343,CMIG4,bearish,BEAR_PUT_SPREAD,70.0836,3.6494,-0.2094,"RADL3,LREN3,VBBR3,CMIG4"
2979,2026-05-02T04:51:46+00:00,2026-05-02T01:51:46-03:00,386,TH-GGBR4-bullish-13633,GGBR4,bullish,BULL_CALL_SPREAD,70.4848,3.6943,-2.2,"CMIG4,VALE3,VBBR3,RADL3,GGBR4"
2982,2026-05-02T04:52:18+00:00,2026-05-02T01:52:18-03:00,387,TH-BPAC11-bullish-0565,BPAC11,bullish,BULL_CALL_SPREAD,71.3538,3.7916,-2.2,"BPAC11,ITUB4,BBDC4,SUZB3,WEGE3,RADL3,GGBR4,ABEV3"
2985,2026-05-02T04:52:41+00:00,2026-05-02T01:52:41-03:00,388,TH-GGBR4-bullish-10691,GGBR4,bullish,BULL_CALL_SPREAD,70.4848,3.6943,-2.2,"B3SA3,WEGE3,BBAS3,GGBR4,RAIL3"
2988,2026-05-02T04:53:04+00:00,2026-05-02T01:53:04-03:00,389,TH-SUZB3-bullish-15826,SUZB3,bullish,BULL_CALL_SPREAD,71.2861,3.784,-0.3576,"RENT3,WEGE3,RAIL3,VBBR3,ABEV3,SUZB3"
2991,2026-05-02T04:53:28+00:00,2026-05-02T01:53:28-03:00,390,TH-PRIO3-bullish-10798,PRIO3,bullish,BULL_CALL_SPREAD,72.5161,3.9218,5.4,"ABEV3,SUZB3,VALE3,PRIO3,B3SA3"
2994,2026-05-02T04:53:58+00:00,2026-05-02T01:53:58-03:00,391,TH-PRIO3-bullish-9569,PRIO3,bullish,BULL_CALL_SPREAD,72.5161,3.9218,5.4,"VALE3,BBAS3,PRIO3,ABEV3,RAIL3,GGBR4"
2997,2026-05-02T04:54:30+00:00,2026-05-02T01:54:30-03:00,392,TH-PRIO3-bullish-7651,PRIO3,bullish,BULL_CALL_SPREAD,72.5161,3.9218,5.4,"RAIL3,LREN3,PRIO3,CMIG4,BBDC4,JBSS3"
3000,2026-05-02T04:54:50+00:00,2026-05-02T01:54:50-03:00,393,TH-B3SA3-bearish-8456,B3SA3,bearish,BEAR_PUT_SPREAD,70.2572,3.6688,4.1816,"LREN3,CMIG4,B3SA3,BBDC4"
3003,2026-05-02T04:55:18+00:00,2026-05-02T01:55:18-03:00,394,TH-HAPV3-bearish-21469,HAPV3,bearish,BEAR_PUT_SPREAD,72.3877,3.9074,5.2,"BPAC11,LREN3,ABEV3,JBSS3,SUZB3,BBDC4,HAPV3"
3006,2026-05-02T04:55:37+00:00,2026-05-02T01:55:37-03:00,395,TH-RAIL3-bullish-8463,RAIL3,bullish,BULL_CALL_SPREAD,70.2554,3.6686,5.4,"LREN3,CMIG4,RAIL3,ABEV3"
3009,2026-05-02T04:56:15+00:00,2026-05-02T01:56:15-03:00,396,TH-PETR4-bullish-28470,PETR4,bullish,BULL_CALL_SPREAD,80.5787,4.8248,3.1405,"RADL3,ITUB4,VALE3,CMIG4,BBAS3,RENT3,PETR4,VBBR3"
3012,2026-05-02T04:56:39+00:00,2026-05-02T01:56:39-03:00,397,TH-JBSS3-bullish-13698,JBSS3,bullish,BULL_CALL_SPREAD,71.172,3.7713,5.4,"ABEV3,BBAS3,VBBR3,RADL3,JBSS3"
3015,2026-05-02T04:57:14+00:00,2026-05-02T01:57:14-03:00,398,TH-PETR4-bullish-22876,PETR4,bullish,BULL_CALL_SPREAD,80.5787,4.8248,3.1405,"BBAS3,ITUB4,BPAC11,LREN3,SUZB3,HAPV3,PETR4,CMIG4"
3018,2026-05-02T04:57:38+00:00,2026-05-02T01:57:38-03:00,399,TH-PRIO3-bullish-5265,PRIO3,bullish,BULL_CALL_SPREAD,72.5161,3.9218,5.4,"WEGE3,PRIO3,B3SA3,BPAC11,SUZB3,JBSS3"
3021,2026-05-02T04:58:08+00:00,2026-05-02T01:58:08-03:00,400,TH-HAPV3-bearish-18195,HAPV3,bearish,BEAR_PUT_SPREAD,72.3877,3.9074,5.2,"LREN3,WEGE3,ITUB4,VALE3,HAPV3,RAIL3,BBDC4"
3024,2026-05-02T04:58:39+00:00,2026-05-02T01:58:39-03:00,401,TH-PRIO3-bullish-5289,PRIO3,bullish,BULL_CALL_SPREAD,72.5161,3.9218,5.4,"LREN3,PRIO3,VBBR3,SUZB3,BBDC4,BBAS3,CMIG4"
3027,2026-05-02T04:59:06+00:00,2026-05-02T01:59:06-03:00,402,TH-HAPV3-bearish-18454,HAPV3,bearish,BEAR_PUT_SPREAD,72.3877,3.9074,5.2,"B3SA3,BPAC11,GGBR4,VALE3,ITUB4,HAPV3,VBBR3"
3030,2026-05-02T04:59:31+00:00,2026-05-02T01:59:31-03:00,403,TH-HAPV3-bearish-6905,HAPV3,bearish,BEAR_PUT_SPREAD,72.3877,3.9074,5.2,"B3SA3,VBBR3,SUZB3,HAPV3,WEGE3,LREN3,JBSS3"
3033,2026-05-02T04:59:55+00:00,2026-05-02T01:59:55-03:00,404,TH-PRIO3-bullish-15068,PRIO3,bullish,BULL_CALL_SPREAD,72.5161,3.9218,5.4,"ITUB4,VBBR3,BBAS3,LREN3,PRIO3"
3036,2026-05-02T05:00:22+00:00,2026-05-02T02:00:22-03:00,405,TH-PRIO3-bullish-10811,PRIO3,bullish,BULL_CALL_SPREAD,72.5161,3.9218,5.4,"RENT3,GGBR4,VBBR3,PRIO3,CMIG4"
3039,2026-05-02T05:00:44+00:00,2026-05-02T02:00:44-03:00,406,TH-PRIO3-bullish-1072,PRIO3,bullish,BULL_CALL_SPREAD,72.5161,3.9218,5.4,"PRIO3,B3SA3,VALE3,BBDC4"
3042,2026-05-02T05:01:12+00:00,2026-05-02T02:01:12-03:00,407,TH-PETR4-bullish-7731,PETR4,bullish,BULL_CALL_SPREAD,80.5787,4.8248,3.1405,"LREN3,PETR4,ITUB4,SUZB3,BBDC4"
3045,2026-05-02T05:01:46+00:00,2026-05-02T02:01:46-03:00,408,TH-PETR4-bullish-13661,PETR4,bullish,BULL_CALL_SPREAD,80.5787,4.8248,3.1405,"GGBR4,JBSS3,B3SA3,PETR4,ITUB4,BBDC4,BBAS3"
3048,2026-05-02T05:02:11+00:00,2026-05-02T02:02:11-03:00,409,TH-HAPV3-bearish-15367,HAPV3,bearish,BEAR_PUT_SPREAD,72.3877,3.9074,5.2,"VBBR3,ITUB4,CMIG4,BBDC4,HAPV3,B3SA3"
3051,2026-05-02T05:02:32+00:00,2026-05-02T02:02:32-03:00,410,TH-PRIO3-bullish-1072,PRIO3,bullish,BULL_CALL_SPREAD,72.5161,3.9218,5.4,"PRIO3,ITUB4,BPAC11,RADL3"
3054,2026-05-02T05:02:53+00:00,2026-05-02T02:02:53-03:00,411,TH-JBSS3-bullish-3202,JBSS3,bullish,BULL_CALL_SPREAD,71.172,3.7713,5.4,"B3SA3,JBSS3,VALE3,BBAS3"
3057,2026-05-02T05:03:18+00:00,2026-05-02T02:03:18-03:00,412,TH-PETR4-bullish-12219,PETR4,bullish,BULL_CALL_SPREAD,80.5787,4.8248,3.1405,"GGBR4,RAIL3,B3SA3,PETR4"
3060,2026-05-02T05:03:52+00:00,2026-05-02T02:03:52-03:00,413,TH-PETR4-bullish-12769,PETR4,bullish,BULL_CALL_SPREAD,80.5787,4.8248,3.1405,"HAPV3,PRIO3,BBDC4,PETR4,RENT3,WEGE3,ABEV3"
3063,2026-05-02T05:04:10+00:00,2026-05-02T02:04:10-03:00,414,TH-PRIO3-bullish-7620,PRIO3,bullish,BULL_CALL_SPREAD,72.5161,3.9218,5.4,"HAPV3,B3SA3,BPAC11,PRIO3"
3066,2026-05-02T05:04:33+00:00,2026-05-02T02:04:33-03:00,415,TH-SUZB3-bullish-6819,SUZB3,bullish,BULL_CALL_SPREAD,71.2861,3.784,-0.3576,"VALE3,B3SA3,SUZB3,RENT3,BBDC4"
3069,2026-05-02T05:04:58+00:00,2026-05-02T02:04:58-03:00,416,TH-PETR4-bullish-7828,PETR4,bullish,BULL_CALL_SPREAD,80.5787,4.8248,3.1405,"BBDC4,PETR4,RAIL3,HAPV3"
3072,2026-05-02T05:05:25+00:00,2026-05-02T02:05:25-03:00,417,TH-HAPV3-bearish-13656,HAPV3,bearish,BEAR_PUT_SPREAD,72.3877,3.9074,5.2,"JBSS3,CMIG4,BBDC4,HAPV3,SUZB3,LREN3"
3075,2026-05-02T05:05:56+00:00,2026-05-02T02:05:56-03:00,418,TH-PETR4-bullish-14840,PETR4,bullish,BULL_CALL_SPREAD,80.5787,4.8248,3.1405,"RADL3,BBAS3,ABEV3,PETR4,JBSS3,WEGE3"
3078,2026-05-02T05:06:29+00:00,2026-05-02T02:06:29-03:00,419,TH-PETR4-bullish-16203,PETR4,bullish,BULL_CALL_SPREAD,80.5787,4.8248,3.1405,"JBSS3,HAPV3,SUZB3,VBBR3,ABEV3,PETR4,CMIG4,PRIO3"
3081,2026-05-02T05:07:09+00:00,2026-05-02T02:07:09-03:00,420,TH-PETR4-bullish-14387,PETR4,bullish,BULL_CALL_SPREAD,80.5787,4.8248,3.1405,"BPAC11,VALE3,BBDC4,PETR4,CMIG4,GGBR4,RAIL3,ITUB4"
3084,2026-05-02T05:07:33+00:00,2026-05-02T02:07:33-03:00,421,TH-HAPV3-bearish-10620,HAPV3,bearish,BEAR_PUT_SPREAD,72.3877,3.9074,5.2,"JBSS3,VBBR3,CMIG4,HAPV3,RAIL3,BPAC11"
3087,2026-05-02T05:07:53+00:00,2026-05-02T02:07:53-03:00,422,TH-RAIL3-bullish-8807,RAIL3,bullish,BULL_CALL_SPREAD,70.2554,3.6686,5.4,"VBBR3,ABEV3,LREN3,RAIL3"
3090,2026-05-02T05:08:18+00:00,2026-05-02T02:08:18-03:00,423,TH-HAPV3-bearish-5541,HAPV3,bearish,BEAR_PUT_SPREAD,72.3877,3.9074,5.2,"RENT3,HAPV3,CMIG4,ABEV3,BBDC4,B3SA3"
3093,2026-05-02T05:08:52+00:00,2026-05-02T02:08:52-03:00,424,TH-PETR4-bullish-5840,PETR4,bullish,BULL_CALL_SPREAD,80.5787,4.8248,3.1405,"BPAC11,PETR4,GGBR4,SUZB3,RAIL3,VBBR3,PRIO3,B3SA3"
3096,2026-05-02T05:09:22+00:00,2026-05-02T02:09:22-03:00,425,TH-HAPV3-bearish-10905,HAPV3,bearish,BEAR_PUT_SPREAD,72.3877,3.9074,5.2,"B3SA3,ABEV3,WEGE3,HAPV3,BPAC11,JBSS3,BBAS3,VBBR3"
3099,2026-05-02T05:09:46+00:00,2026-05-02T02:09:46-03:00,426,TH-BPAC11-bullish-8118,BPAC11,bullish,BULL_CALL_SPREAD,71.3538,3.7916,-2.2,"BBAS3,ABEV3,BPAC11,RADL3,CMIG4"
3102,2026-05-02T05:10:21+00:00,2026-05-02T02:10:21-03:00,427,TH-PETR4-bullish-11020,PETR4,bullish,BULL_CALL_SPREAD,80.5787,4.8248,3.1405,"LREN3,ABEV3,PETR4,RENT3,WEGE3,B3SA3,ITUB4"
3105,2026-05-02T05:10:46+00:00,2026-05-02T02:10:46-03:00,428,TH-B3SA3-bearish-4253,B3SA3,bearish,BEAR_PUT_SPREAD,70.2572,3.6688,4.1816,"ITUB4,B3SA3,BBDC4,VBBR3,RAIL3,VALE3"
3108,2026-05-02T05:11:07+00:00,2026-05-02T02:11:07-03:00,429,TH-HAPV3-bearish-6907,HAPV3,bearish,BEAR_PUT_SPREAD,72.3877,3.9074,5.2,"VBBR3,BBDC4,HAPV3,ITUB4"
3111,2026-05-02T05:11:30+00:00,2026-05-02T02:11:30-03:00,430,TH-BPAC11-bullish-11850,BPAC11,bullish,BULL_CALL_SPREAD,71.3538,3.7916,-2.2,"CMIG4,RADL3,ABEV3,BPAC11"
3114,2026-05-02T05:11:57+00:00,2026-05-02T02:11:57-03:00,431,TH-PETR4-bullish-9911,PETR4,bullish,BULL_CALL_SPREAD,80.5787,4.8248,3.1405,"SUZB3,WEGE3,PETR4,ITUB4"
3117,2026-05-02T05:12:26+00:00,2026-05-02T02:12:26-03:00,432,TH-PETR4-bullish-11971,PETR4,bullish,BULL_CALL_SPREAD,80.5787,4.8248,3.1405,"WEGE3,BBAS3,PETR4,CMIG4,SUZB3"
3120,2026-05-02T05:12:55+00:00,2026-05-02T02:12:55-03:00,433,TH-HAPV3-bearish-1315,HAPV3,bearish,BEAR_PUT_SPREAD,72.3877,3.9074,5.2,"HAPV3,JBSS3,RAIL3,B3SA3,ITUB4,VALE3,RENT3,SUZB3"
3123,2026-05-02T05:13:24+00:00,2026-05-02T02:13:24-03:00,434,TH-PETR4-bullish-14169,PETR4,bullish,BULL_CALL_SPREAD,80.5787,4.8248,3.1405,"VALE3,B3SA3,BBDC4,PETR4,GGBR4"
3126,2026-05-02T05:13:54+00:00,2026-05-02T02:13:54-03:00,435,TH-PETR4-bullish-9680,PETR4,bullish,BULL_CALL_SPREAD,80.5787,4.8248,3.1405,"JBSS3,RAIL3,PETR4,BBAS3,BPAC11,RENT3"
3129,2026-05-02T05:14:13+00:00,2026-05-02T02:14:13-03:00,436,TH-HAPV3-bearish-4955,HAPV3,bearish,BEAR_PUT_SPREAD,72.3877,3.9074,5.2,"VBBR3,RAIL3,HAPV3,B3SA3,GGBR4"
3132,2026-05-02T05:14:42+00:00,2026-05-02T02:14:42-03:00,437,TH-SUZB3-bullish-8475,SUZB3,bullish,BULL_CALL_SPREAD,71.2861,3.784,-0.3576,"JBSS3,WEGE3,SUZB3,VALE3,RENT3,GGBR4,VBBR3"
3135,2026-05-02T05:15:15+00:00,2026-05-02T02:15:15-03:00,438,TH-PRIO3-bullish-1072,PRIO3,bullish,BULL_CALL_SPREAD,72.5161,3.9218,5.4,"PRIO3,LREN3,HAPV3,BPAC11,GGBR4,WEGE3,VBBR3,CMIG4"
3138,2026-05-02T05:15:50+00:00,2026-05-02T02:15:50-03:00,439,TH-PETR4-bullish-7778,PETR4,bullish,BULL_CALL_SPREAD,80.5787,4.8248,3.1405,"BBAS3,PETR4,JBSS3,RADL3,SUZB3,LREN3,HAPV3,B3SA3"
3141,2026-05-02T05:16:16+00:00,2026-05-02T02:16:16-03:00,440,TH-HAPV3-bearish-13635,HAPV3,bearish,BEAR_PUT_SPREAD,72.3877,3.9074,5.2,"BBDC4,RADL3,VALE3,HAPV3,BBAS3,ABEV3"
3144,2026-05-02T05:16:45+00:00,2026-05-02T02:16:45-03:00,441,TH-PRIO3-bullish-16260,PRIO3,bullish,BULL_CALL_SPREAD,72.5161,3.9218,5.4,"WEGE3,BBDC4,HAPV3,VBBR3,ABEV3,PRIO3,RENT3"
3147,2026-05-02T05:17:16+00:00,2026-05-02T02:17:16-03:00,442,TH-PRIO3-bullish-17550,PRIO3,bullish,BULL_CALL_SPREAD,72.5161,3.9218,5.4,"VALE3,RADL3,ITUB4,GGBR4,PRIO3,HAPV3,VBBR3"
3150,2026-05-02T05:17:47+00:00,2026-05-02T02:17:47-03:00,443,TH-PETR4-bullish-17977,PETR4,bullish,BULL_CALL_SPREAD,80.5787,4.8248,3.1405,"SUZB3,B3SA3,RADL3,HAPV3,BBAS3,PETR4,RENT3"
3153,2026-05-02T05:18:14+00:00,2026-05-02T02:18:14-03:00,444,TH-PETR4-bullish-8911,PETR4,bullish,BULL_CALL_SPREAD,80.5787,4.8248,3.1405,"B3SA3,ABEV3,PETR4,RADL3,BPAC11,SUZB3"
3156,2026-05-02T05:18:36+00:00,2026-05-02T02:18:36-03:00,445,TH-GGBR4-bullish-11831,GGBR4,bullish,BULL_CALL_SPREAD,70.4848,3.6943,-2.2,"CMIG4,WEGE3,ABEV3,GGBR4"
3159,2026-05-02T05:19:01+00:00,2026-05-02T02:19:01-03:00,446,TH-GGBR4-bullish-0126,GGBR4,bullish,BULL_CALL_SPREAD,70.4848,3.6943,-2.2,"GGBR4,VBBR3,VALE3,RAIL3,ITUB4"
3162,2026-05-02T05:19:34+00:00,2026-05-02T02:19:34-03:00,447,TH-PETR4-bullish-3514,PETR4,bullish,BULL_CALL_SPREAD,80.5787,4.8248,3.1405,"PETR4,RADL3,LREN3,B3SA3,WEGE3,ABEV3,VALE3"
3165,2026-05-02T05:19:57+00:00,2026-05-02T02:19:57-03:00,448,TH-PRIO3-bullish-12882,PRIO3,bullish,BULL_CALL_SPREAD,72.5161,3.9218,5.4,"JBSS3,VALE3,RADL3,PRIO3"
3168,2026-05-02T05:20:32+00:00,2026-05-02T02:20:32-03:00,449,TH-PRIO3-bullish-1072,PRIO3,bullish,BULL_CALL_SPREAD,72.5161,3.9218,5.4,"PRIO3,VALE3,ABEV3,RENT3,BBAS3,HAPV3"
3171,2026-05-02T05:20:51+00:00,2026-05-02T02:20:51-03:00,450,TH-HAPV3-bearish-11464,HAPV3,bearish,BEAR_PUT_SPREAD,72.3877,3.9074,5.2,"ITUB4,B3SA3,JBSS3,HAPV3"
3174,2026-05-02T05:21:25+00:00,2026-05-02T02:21:25-03:00,451,TH-JBSS3-bullish-8620,JBSS3,bullish,BULL_CALL_SPREAD,71.172,3.7713,5.4,"ITUB4,ABEV3,JBSS3,BBDC4,GGBR4,RENT3,VALE3,RADL3"
3177,2026-05-02T05:22:00+00:00,2026-05-02T02:22:00-03:00,452,TH-PRIO3-bullish-13881,PRIO3,bullish,BULL_CALL_SPREAD,72.5161,3.9218,5.4,"SUZB3,B3SA3,VALE3,BBAS3,PRIO3,RENT3,WEGE3,BBDC4"
3180,2026-05-02T05:22:31+00:00,2026-05-02T02:22:31-03:00,453,TH-PETR4-bullish-17223,PETR4,bullish,BULL_CALL_SPREAD,80.5787,4.8248,3.1405,"B3SA3,WEGE3,BPAC11,JBSS3,VBBR3,PETR4,RADL3"
3183,2026-05-02T05:23:09+00:00,2026-05-02T02:23:09-03:00,454,TH-PETR4-bullish-20427,PETR4,bullish,BULL_CALL_SPREAD,80.5787,4.8248,3.1405,"ITUB4,LREN3,RENT3,VALE3,PETR4,SUZB3,ABEV3,GGBR4"
3186,2026-05-02T05:23:34+00:00,2026-05-02T02:23:34-03:00,455,TH-BPAC11-bullish-12839,BPAC11,bullish,BULL_CALL_SPREAD,71.3538,3.7916,-2.2,"ITUB4,BBAS3,RADL3,BPAC11,SUZB3,WEGE3"
3189,2026-05-02T05:24:03+00:00,2026-05-02T02:24:03-03:00,456,TH-PRIO3-bullish-1072,PRIO3,bullish,BULL_CALL_SPREAD,72.5161,3.9218,5.4,"PRIO3,SUZB3,RADL3,WEGE3,RENT3,LREN3"
3192,2026-05-02T05:24:28+00:00,2026-05-02T02:24:28-03:00,457,TH-BPAC11-bullish-6992,BPAC11,bullish,BULL_CALL_SPREAD,71.3538,3.7916,-2.2,"CMIG4,SUZB3,BPAC11,BBAS3,RENT3,VBBR3"
3195,2026-05-02T05:24:49+00:00,2026-05-02T02:24:49-03:00,458,TH-RAIL3-bullish-8477,RAIL3,bullish,BULL_CALL_SPREAD,70.2554,3.6686,5.4,"ITUB4,LREN3,RAIL3,CMIG4"
3198,2026-05-02T05:25:05+00:00,2026-05-02T02:25:05-03:00,459,TH-HAPV3-bearish-7123,HAPV3,bearish,BEAR_PUT_SPREAD,72.3877,3.9074,5.2,"BPAC11,VBBR3,SUZB3,HAPV3"
3201,2026-05-02T05:25:28+00:00,2026-05-02T02:25:28-03:00,460,TH-BPAC11-bullish-10957,BPAC11,bullish,BULL_CALL_SPREAD,71.3538,3.7916,-2.2,"RENT3,RAIL3,JBSS3,BPAC11,ITUB4"
3204,2026-05-02T05:25:57+00:00,2026-05-02T02:25:57-03:00,461,TH-PRIO3-bullish-1072,PRIO3,bullish,BULL_CALL_SPREAD,72.5161,3.9218,5.4,"PRIO3,BBDC4,RENT3,VBBR3,LREN3,ABEV3"
3207,2026-05-02T05:26:19+00:00,2026-05-02T02:26:19-03:00,462,TH-PETR4-bullish-5840,PETR4,bullish,BULL_CALL_SPREAD,80.5787,4.8248,3.1405,"BPAC11,PETR4,RAIL3,WEGE3"
3210,2026-05-02T05:26:40+00:00,2026-05-02T02:26:40-03:00,463,TH-RAIL3-bullish-3796,RAIL3,bullish,BULL_CALL_SPREAD,70.2554,3.6686,5.4,"RADL3,RAIL3,WEGE3,CMIG4"
3213,2026-05-02T05:27:13+00:00,2026-05-02T02:27:13-03:00,464,TH-PETR4-bullish-8545,PETR4,bullish,BULL_CALL_SPREAD,80.5787,4.8248,3.1405,"PRIO3,SUZB3,PETR4,VALE3,B3SA3,ITUB4"
3216,2026-05-02T05:27:48+00:00,2026-05-02T02:27:48-03:00,465,TH-PETR4-bullish-24565,PETR4,bullish,BULL_CALL_SPREAD,80.5787,4.8248,3.1405,"VBBR3,WEGE3,ABEV3,BBAS3,CMIG4,JBSS3,PETR4"
3219,2026-05-02T05:28:18+00:00,2026-05-02T02:28:18-03:00,466,TH-PRIO3-bullish-12094,PRIO3,bullish,BULL_CALL_SPREAD,72.5161,3.9218,5.4,"RENT3,RAIL3,BPAC11,B3SA3,PRIO3,GGBR4,JBSS3"
3222,2026-05-02T05:28:48+00:00,2026-05-02T02:28:48-03:00,467,TH-PETR4-bullish-12054,PETR4,bullish,BULL_CALL_SPREAD,80.5787,4.8248,3.1405,"BBDC4,RENT3,PETR4,HAPV3,PRIO3"
3225,2026-05-02T05:29:18+00:00,2026-05-02T02:29:18-03:00,468,TH-PRIO3-bullish-13295,PRIO3,bullish,BULL_CALL_SPREAD,72.5161,3.9218,5.4,"VALE3,RADL3,LREN3,PRIO3,VBBR3,ITUB4,SUZB3"
3228,2026-05-02T05:29:37+00:00,2026-05-02T02:29:37-03:00,469,TH-SUZB3-bullish-3767,SUZB3,bullish,BULL_CALL_SPREAD,71.2861,3.784,-0.3576,"ABEV3,SUZB3,B3SA3,RENT3"
3231,2026-05-02T05:30:04+00:00,2026-05-02T02:30:04-03:00,470,TH-PETR4-bullish-3514,PETR4,bullish,BULL_CALL_SPREAD,80.5787,4.8248,3.1405,"PETR4,LREN3,RAIL3,GGBR4,SUZB3"
3234,2026-05-02T05:30:32+00:00,2026-05-02T02:30:32-03:00,471,TH-PRIO3-bullish-13975,PRIO3,bullish,BULL_CALL_SPREAD,72.5161,3.9218,5.4,"HAPV3,RENT3,BPAC11,ITUB4,PRIO3,B3SA3,ABEV3"
3237,2026-05-02T05:31:00+00:00,2026-05-02T02:31:00-03:00,472,TH-PETR4-bullish-15264,PETR4,bullish,BULL_CALL_SPREAD,80.5787,4.8248,3.1405,"RENT3,GGBR4,ABEV3,PETR4"
3240,2026-05-02T05:31:33+00:00,2026-05-02T02:31:33-03:00,473,TH-PETR4-bullish-11974,PETR4,bullish,BULL_CALL_SPREAD,80.5787,4.8248,3.1405,"CMIG4,ITUB4,PETR4,BPAC11,GGBR4,WEGE3"
3243,2026-05-02T05:32:02+00:00,2026-05-02T02:32:02-03:00,474,TH-PETR4-bullish-11944,PETR4,bullish,BULL_CALL_SPREAD,80.5787,4.8248,3.1405,"ITUB4,WEGE3,PETR4,BBAS3,LREN3"
3246,2026-05-02T05:32:31+00:00,2026-05-02T02:32:31-03:00,475,TH-PETR4-bullish-7707,PETR4,bullish,BULL_CALL_SPREAD,80.5787,4.8248,3.1405,"WEGE3,PETR4,B3SA3,BBAS3,JBSS3,RAIL3"
3249,2026-05-02T05:33:02+00:00,2026-05-02T02:33:02-03:00,476,TH-PETR4-bullish-15405,PETR4,bullish,BULL_CALL_SPREAD,80.5787,4.8248,3.1405,"GGBR4,BBAS3,VBBR3,HAPV3,PETR4,B3SA3,ABEV3"
3252,2026-05-02T05:33:28+00:00,2026-05-02T02:33:28-03:00,477,TH-PRIO3-bullish-10940,PRIO3,bullish,BULL_CALL_SPREAD,72.5161,3.9218,5.4,"RAIL3,ABEV3,LREN3,PRIO3,SUZB3,BBDC4"
3255,2026-05-02T05:33:55+00:00,2026-05-02T02:33:55-03:00,478,TH-PETR4-bullish-18023,PETR4,bullish,BULL_CALL_SPREAD,80.5787,4.8248,3.1405,"BPAC11,RADL3,LREN3,WEGE3,PETR4"
3258,2026-05-02T05:34:26+00:00,2026-05-02T02:34:26-03:00,479,TH-HAPV3-bearish-18193,HAPV3,bearish,BEAR_PUT_SPREAD,72.3877,3.9074,5.2,"GGBR4,WEGE3,VALE3,LREN3,HAPV3,CMIG4,BBAS3"
3261,2026-05-02T05:34:46+00:00,2026-05-02T02:34:46-03:00,480,TH-JBSS3-bullish-2372,JBSS3,bullish,BULL_CALL_SPREAD,71.172,3.7713,5.4,"VBBR3,JBSS3,GGBR4,RENT3"
3264,2026-05-02T05:35:11+00:00,2026-05-02T02:35:11-03:00,481,TH-BPAC11-bullish-15515,BPAC11,bullish,BULL_CALL_SPREAD,71.3538,3.7916,-2.2,"ABEV3,VBBR3,LREN3,JBSS3,RAIL3,BPAC11"
3267,2026-05-02T05:35:39+00:00,2026-05-02T02:35:39-03:00,482,TH-PETR4-bullish-9935,PETR4,bullish,BULL_CALL_SPREAD,80.5787,4.8248,3.1405,"SUZB3,LREN3,PETR4,WEGE3,PRIO3"
3270,2026-05-02T05:36:15+00:00,2026-05-02T02:36:15-03:00,483,TH-PETR4-bullish-16703,PETR4,bullish,BULL_CALL_SPREAD,80.5787,4.8248,3.1405,"BPAC11,BBAS3,ITUB4,RAIL3,PETR4,ABEV3,RADL3,WEGE3"
3273,2026-05-02T05:36:40+00:00,2026-05-02T02:36:40-03:00,484,TH-HAPV3-bearish-18870,HAPV3,bearish,BEAR_PUT_SPREAD,72.3877,3.9074,5.2,"CMIG4,SUZB3,GGBR4,ABEV3,VBBR3,BPAC11,HAPV3"
3276,2026-05-02T05:37:11+00:00,2026-05-02T02:37:11-03:00,485,TH-BPAC11-bullish-21612,BPAC11,bullish,BULL_CALL_SPREAD,71.3538,3.7916,-2.2,"RAIL3,VALE3,RENT3,B3SA3,JBSS3,BBDC4,BPAC11,VBBR3"
3279,2026-05-02T05:37:44+00:00,2026-05-02T02:37:44-03:00,486,TH-PETR4-bullish-22614,PETR4,bullish,BULL_CALL_SPREAD,80.5787,4.8248,3.1405,"GGBR4,RENT3,B3SA3,LREN3,BBDC4,PETR4,HAPV3,SUZB3"
3282,2026-05-02T05:38:13+00:00,2026-05-02T02:38:13-03:00,487,TH-BPAC11-bullish-0565,BPAC11,bullish,BULL_CALL_SPREAD,71.3538,3.7916,-2.2,"BPAC11,GGBR4,CMIG4,ITUB4,B3SA3,BBDC4,VBBR3"
3285,2026-05-02T05:38:40+00:00,2026-05-02T02:38:40-03:00,488,TH-RENT3-bullish-0110,RENT3,bullish,BULL_CALL_SPREAD,70.5084,3.6969,-1.383,"RENT3,B3SA3,CMIG4,LREN3,BBAS3,GGBR4"
3288,2026-05-02T05:39:06+00:00,2026-05-02T02:39:06-03:00,489,TH-RENT3-bullish-4374,RENT3,bullish,BULL_CALL_SPREAD,70.5084,3.6969,-1.383,"BBAS3,RENT3,WEGE3,GGBR4,VALE3"
3291,2026-05-02T05:39:25+00:00,2026-05-02T02:39:25-03:00,490,TH-BPAC11-bullish-12889,BPAC11,bullish,BULL_CALL_SPREAD,71.3538,3.7916,-2.2,"BBDC4,ITUB4,RADL3,BPAC11"
3294,2026-05-02T05:39:57+00:00,2026-05-02T02:39:57-03:00,491,TH-PRIO3-bullish-23695,PRIO3,bullish,BULL_CALL_SPREAD,72.5161,3.9218,5.4,"LREN3,ITUB4,BBAS3,BPAC11,VBBR3,WEGE3,B3SA3,PRIO3"
3297,2026-05-02T05:40:23+00:00,2026-05-02T02:40:23-03:00,492,TH-PRIO3-bullish-5298,PRIO3,bullish,BULL_CALL_SPREAD,72.5161,3.9218,5.4,"RENT3,PRIO3,JBSS3,BBAS3,B3SA3"
3300,2026-05-02T05:40:56+00:00,2026-05-02T02:40:56-03:00,493,TH-PRIO3-bullish-16228,PRIO3,bullish,BULL_CALL_SPREAD,72.5161,3.9218,5.4,"JBSS3,WEGE3,RADL3,B3SA3,VBBR3,PRIO3,ITUB4,CMIG4"
3303,2026-05-02T05:41:24+00:00,2026-05-02T02:41:24-03:00,494,TH-PETR4-bullish-5840,PETR4,bullish,BULL_CALL_SPREAD,80.5787,4.8248,3.1405,"BPAC11,PETR4,RAIL3,B3SA3,BBDC4,GGBR4"
3306,2026-05-02T05:41:46+00:00,2026-05-02T02:41:46-03:00,495,TH-BBAS3-bullish-16089,BBAS3,bullish,BULL_CALL_SPREAD,72.5393,3.9244,2.8035,"ABEV3,VALE3,BBDC4,BBAS3"
3309,2026-05-02T05:42:09+00:00,2026-05-02T02:42:09-03:00,496,TH-WEGE3-bullish-3499,WEGE3,bullish,BULL_CALL_SPREAD,73.6673,4.0507,5.0827,"WEGE3,LREN3,VALE3,BBAS3"
3312,2026-05-02T05:42:47+00:00,2026-05-02T02:42:47-03:00,497,TH-PETR4-bullish-22319,PETR4,bullish,BULL_CALL_SPREAD,80.5787,4.8248,3.1405,"LREN3,GGBR4,CMIG4,JBSS3,BPAC11,PETR4,RENT3,ITUB4"
3315,2026-05-02T05:43:22+00:00,2026-05-02T02:43:22-03:00,498,TH-PETR4-bullish-9680,PETR4,bullish,BULL_CALL_SPREAD,80.5787,4.8248,3.1405,"RAIL3,JBSS3,PETR4,LREN3,HAPV3,PRIO3,ITUB4,B3SA3"
3318,2026-05-02T05:43:47+00:00,2026-05-02T02:43:47-03:00,499,TH-HAPV3-bearish-18334,HAPV3,bearish,BEAR_PUT_SPREAD,72.3877,3.9074,5.2,"GGBR4,VALE3,BBDC4,ITUB4,HAPV3,RAIL3"
3321,2026-05-02T05:44:06+00:00,2026-05-02T02:44:06-03:00,500,TH-HAPV3-bearish-1315,HAPV3,bearish,BEAR_PUT_SPREAD,72.3877,3.9074,5.2,"HAPV3,SUZB3,RENT3,B3SA3"
3324,2026-05-02T05:44:38+00:00,2026-05-02T02:44:38-03:00,501,TH-PETR4-bullish-19428,PETR4,bullish,BULL_CALL_SPREAD,80.5787,4.8248,3.1405,"BBDC4,CMIG4,RADL3,BPAC11,VBBR3,PETR4,RAIL3"
3327,2026-05-02T05:44:59+00:00,2026-05-02T02:44:59-03:00,502,TH-BPAC11-bullish-0565,BPAC11,bullish,BULL_CALL_SPREAD,71.3538,3.7916,-2.2,"BPAC11,VBBR3,ITUB4,JBSS3"
3330,2026-05-02T05:45:28+00:00,2026-05-02T02:45:28-03:00,503,TH-PETR4-bullish-7828,PETR4,bullish,BULL_CALL_SPREAD,80.5787,4.8248,3.1405,"BBDC4,PETR4,PRIO3,VBBR3,SUZB3"
3333,2026-05-02T05:45:50+00:00,2026-05-02T02:45:50-03:00,504,TH-BPAC11-bullish-4802,BPAC11,bullish,BULL_CALL_SPREAD,71.3538,3.7916,-2.2,"ITUB4,BPAC11,WEGE3,BBAS3"
3336,2026-05-02T05:46:16+00:00,2026-05-02T02:46:16-03:00,505,TH-PETR4-bullish-14082,PETR4,bullish,BULL_CALL_SPREAD,80.5787,4.8248,3.1405,"ITUB4,HAPV3,LREN3,PETR4"
3339,2026-05-02T05:46:49+00:00,2026-05-02T02:46:49-03:00,506,TH-PETR4-bullish-7287,PETR4,bullish,BULL_CALL_SPREAD,80.5787,4.8248,3.1405,"RADL3,PETR4,ITUB4,PRIO3,HAPV3,BBAS3"
3342,2026-05-02T05:47:19+00:00,2026-05-02T02:47:19-03:00,507,TH-PRIO3-bullish-20066,PRIO3,bullish,BULL_CALL_SPREAD,72.5161,3.9218,5.4,"JBSS3,WEGE3,VBBR3,SUZB3,ABEV3,RENT3,PRIO3"
3345,2026-05-02T05:47:42+00:00,2026-05-02T02:47:42-03:00,508,TH-JBSS3-bullish-4734,JBSS3,bullish,BULL_CALL_SPREAD,71.172,3.7713,5.4,"VBBR3,RAIL3,JBSS3,GGBR4,VALE3"
3348,2026-05-02T05:48:13+00:00,2026-05-02T02:48:13-03:00,509,TH-PRIO3-bullish-9743,PRIO3,bullish,BULL_CALL_SPREAD,72.5161,3.9218,5.4,"ITUB4,BPAC11,B3SA3,PRIO3,BBDC4,RENT3,VALE3"
3351,2026-05-02T05:48:40+00:00,2026-05-02T02:48:40-03:00,510,TH-SUZB3-bullish-5560,SUZB3,bullish,BULL_CALL_SPREAD,71.2861,3.784,-0.3576,"JBSS3,VBBR3,SUZB3,RAIL3,CMIG4,ITUB4,BBDC4"
3354,2026-05-02T05:49:01+00:00,2026-05-02T02:49:01-03:00,511,TH-BPAC11-bullish-2673,BPAC11,bullish,BULL_CALL_SPREAD,71.3538,3.7916,-2.2,"B3SA3,BPAC11,SUZB3,BBAS3,VALE3"
3357,2026-05-02T05:49:33+00:00,2026-05-02T02:49:33-03:00,512,TH-PRIO3-bullish-3398,PRIO3,bullish,BULL_CALL_SPREAD,72.5161,3.9218,5.4,"BPAC11,PRIO3,RENT3,VBBR3,B3SA3,BBDC4,ITUB4,LREN3"
3360,2026-05-02T05:50:05+00:00,2026-05-02T02:50:05-03:00,513,TH-BPAC11-bullish-15660,BPAC11,bullish,BULL_CALL_SPREAD,71.3538,3.7916,-2.2,"RENT3,RAIL3,WEGE3,BBDC4,BPAC11,JBSS3,VALE3,ABEV3"
3363,2026-05-02T05:50:27+00:00,2026-05-02T02:50:27-03:00,514,TH-HAPV3-bearish-15859,HAPV3,bearish,BEAR_PUT_SPREAD,72.3877,3.9074,5.2,"RAIL3,BBDC4,BPAC11,BBAS3,VBBR3,HAPV3"
3366,2026-05-02T05:50:56+00:00,2026-05-02T02:50:56-03:00,515,TH-RENT3-bullish-14330,RENT3,bullish,BULL_CALL_SPREAD,70.5084,3.6969,-1.383,"VBBR3,RAIL3,GGBR4,B3SA3,ITUB4,RENT3,BBDC4"
3369,2026-05-02T05:51:25+00:00,2026-05-02T02:51:25-03:00,516,TH-JBSS3-bullish-15066,JBSS3,bullish,BULL_CALL_SPREAD,71.172,3.7713,5.4,"BBAS3,WEGE3,ITUB4,VBBR3,JBSS3,RADL3,RENT3"
3372,2026-05-02T05:52:03+00:00,2026-05-02T02:52:03-03:00,517,TH-PETR4-bullish-30079,PETR4,bullish,BULL_CALL_SPREAD,80.5787,4.8248,3.1405,"HAPV3,ABEV3,VALE3,GGBR4,BBAS3,ITUB4,WEGE3,PETR4"
3375,2026-05-02T05:52:31+00:00,2026-05-02T02:52:31-03:00,518,TH-HAPV3-bearish-21829,HAPV3,bearish,BEAR_PUT_SPREAD,72.3877,3.9074,5.2,"LREN3,ITUB4,BBAS3,BBDC4,SUZB3,VBBR3,HAPV3"
3378,2026-05-02T05:52:55+00:00,2026-05-02T02:52:55-03:00,519,TH-BPAC11-bullish-0565,BPAC11,bullish,BULL_CALL_SPREAD,71.3538,3.7916,-2.2,"BPAC11,LREN3,CMIG4,BBAS3,JBSS3"
3381,2026-05-02T05:53:21+00:00,2026-05-02T02:53:21-03:00,520,TH-PRIO3-bullish-1072,PRIO3,bullish,BULL_CALL_SPREAD,72.5161,3.9218,5.4,"PRIO3,BBDC4,VALE3,RAIL3,ITUB4"
3384,2026-05-02T05:53:46+00:00,2026-05-02T02:53:46-03:00,521,TH-PETR4-bullish-7826,PETR4,bullish,BULL_CALL_SPREAD,80.5787,4.8248,3.1405,"SUZB3,B3SA3,PETR4,ITUB4"
3387,2026-05-02T05:54:15+00:00,2026-05-02T02:54:15-03:00,522,TH-PETR4-bullish-3514,PETR4,bullish,BULL_CALL_SPREAD,80.5787,4.8248,3.1405,"PETR4,JBSS3,VBBR3,LREN3,PRIO3"
3390,2026-05-02T05:54:42+00:00,2026-05-02T02:54:42-03:00,523,TH-HAPV3-bearish-5552,HAPV3,bearish,BEAR_PUT_SPREAD,72.3877,3.9074,5.2,"ITUB4,HAPV3,BBDC4,VALE3,RAIL3,BPAC11"
3393,2026-05-02T05:55:17+00:00,2026-05-02T02:55:17-03:00,524,TH-HAPV3-bearish-5532,HAPV3,bearish,BEAR_PUT_SPREAD,72.3877,3.9074,5.2,"LREN3,HAPV3,RADL3,RENT3,ITUB4,VALE3,SUZB3"
3396,2026-05-02T05:55:41+00:00,2026-05-02T02:55:41-03:00,525,TH-BPAC11-bullish-4879,BPAC11,bullish,BULL_CALL_SPREAD,71.3538,3.7916,-2.2,"BBDC4,BPAC11,SUZB3,B3SA3,ITUB4"
3399,2026-05-02T05:56:17+00:00,2026-05-02T02:56:17-03:00,526,TH-HAPV3-bearish-21985,HAPV3,bearish,BEAR_PUT_SPREAD,72.3877,3.9074,5.2,"CMIG4,VALE3,JBSS3,WEGE3,LREN3,HAPV3,VBBR3,RAIL3"
3402,2026-05-02T05:56:47+00:00,2026-05-02T02:56:47-03:00,527,TH-PRIO3-bullish-5265,PRIO3,bullish,BULL_CALL_SPREAD,72.5161,3.9218,5.4,"WEGE3,PRIO3,BPAC11,SUZB3,CMIG4,GGBR4,HAPV3"
3405,2026-05-02T05:57:09+00:00,2026-05-02T02:57:09-03:00,528,TH-PRIO3-bullish-7631,PRIO3,bullish,BULL_CALL_SPREAD,72.5161,3.9218,5.4,"BPAC11,VALE3,PRIO3,ABEV3"
3408,2026-05-02T05:57:32+00:00,2026-05-02T02:57:32-03:00,529,TH-PRIO3-bullish-7207,PRIO3,bullish,BULL_CALL_SPREAD,72.5161,3.9218,5.4,"RADL3,RAIL3,PRIO3,BPAC11,HAPV3"
3411,2026-05-02T05:58:01+00:00,2026-05-02T02:58:01-03:00,530,TH-HAPV3-bearish-5552,HAPV3,bearish,BEAR_PUT_SPREAD,72.3877,3.9074,5.2,"ITUB4,HAPV3,RADL3,JBSS3,ABEV3,LREN3,RAIL3"
3414,2026-05-02T05:58:23+00:00,2026-05-02T02:58:23-03:00,531,TH-PRIO3-bullish-6614,PRIO3,bullish,BULL_CALL_SPREAD,72.5161,3.9218,5.4,"BBAS3,VBBR3,PRIO3,WEGE3"
3417,2026-05-02T05:58:47+00:00,2026-05-02T02:58:47-03:00,532,TH-HAPV3-bearish-13578,HAPV3,bearish,BEAR_PUT_SPREAD,72.3877,3.9074,5.2,"RENT3,VALE3,JBSS3,HAPV3,BPAC11,ABEV3"
3420,2026-05-02T05:59:11+00:00,2026-05-02T02:59:11-03:00,533,TH-BPAC11-bullish-12799,BPAC11,bullish,BULL_CALL_SPREAD,71.3538,3.7916,-2.2,"RENT3,RADL3,GGBR4,BPAC11,LREN3"
3423,2026-05-02T05:59:39+00:00,2026-05-02T02:59:39-03:00,534,TH-HAPV3-bearish-1315,HAPV3,bearish,BEAR_PUT_SPREAD,72.3877,3.9074,5.2,"HAPV3,B3SA3,BBAS3,GGBR4,VALE3,ABEV3,RADL3"
3426,2026-05-02T06:00:09+00:00,2026-05-02T03:00:09-03:00,535,TH-PETR4-bullish-15253,PETR4,bullish,BULL_CALL_SPREAD,80.5787,4.8248,3.1405,"LREN3,ABEV3,VALE3,PETR4"
3429,2026-05-02T06:00:35+00:00,2026-05-02T03:00:35-03:00,536,TH-RENT3-bullish-16603,RENT3,bullish,BULL_CALL_SPREAD,70.5084,3.6969,-1.383,"RADL3,VALE3,BBAS3,CMIG4,RENT3"
3432,2026-05-02T06:01:05+00:00,2026-05-02T03:01:05-03:00,537,TH-BPAC11-bullish-8174,BPAC11,bullish,BULL_CALL_SPREAD,71.3538,3.7916,-2.2,"CMIG4,B3SA3,VBBR3,BPAC11,GGBR4,RADL3,BBAS3,ABEV3"
3435,2026-05-02T06:01:38+00:00,2026-05-02T03:01:38-03:00,538,TH-PETR4-bullish-15205,PETR4,bullish,BULL_CALL_SPREAD,80.5787,4.8248,3.1405,"RADL3,BPAC11,BBDC4,VBBR3,PETR4,WEGE3,RAIL3"
3438,2026-05-02T06:02:10+00:00,2026-05-02T03:02:10-03:00,539,TH-PRIO3-bullish-1072,PRIO3,bullish,BULL_CALL_SPREAD,72.5161,3.9218,5.4,"PRIO3,VBBR3,BBAS3,HAPV3,GGBR4,RENT3,JBSS3,RAIL3"
3441,2026-05-02T06:02:33+00:00,2026-05-02T03:02:33-03:00,540,TH-BPAC11-bullish-4802,BPAC11,bullish,BULL_CALL_SPREAD,71.3538,3.7916,-2.2,"ITUB4,BPAC11,LREN3,BBDC4,ABEV3"
3444,2026-05-02T06:02:53+00:00,2026-05-02T03:02:53-03:00,541,TH-PRIO3-bullish-4876,PRIO3,bullish,BULL_CALL_SPREAD,72.5161,3.9218,5.4,"JBSS3,PRIO3,SUZB3,HAPV3"
3447,2026-05-02T06:03:23+00:00,2026-05-02T03:03:23-03:00,542,TH-PETR4-bullish-11333,PETR4,bullish,BULL_CALL_SPREAD,80.5787,4.8248,3.1405,"BPAC11,ABEV3,SUZB3,PETR4,BBDC4,VBBR3,ITUB4"
3450,2026-05-02T06:03:47+00:00,2026-05-02T03:03:47-03:00,543,TH-HAPV3-bearish-1315,HAPV3,bearish,BEAR_PUT_SPREAD,72.3877,3.9074,5.2,"HAPV3,BBDC4,RENT3,ABEV3,ITUB4"
3453,2026-05-02T06:04:10+00:00,2026-05-02T03:04:10-03:00,544,TH-HAPV3-bearish-1315,HAPV3,bearish,BEAR_PUT_SPREAD,72.3877,3.9074,5.2,"HAPV3,LREN3,RENT3,BPAC11,JBSS3"
3456,2026-05-02T06:04:36+00:00,2026-05-02T03:04:36-03:00,545,TH-WEGE3-bullish-3499,WEGE3,bullish,BULL_CALL_SPREAD,73.6673,4.0507,5.0827,"WEGE3,VALE3,LREN3,RADL3,VBBR3"
3459,2026-05-02T06:05:03+00:00,2026-05-02T03:05:03-03:00,546,TH-PETR4-bullish-3514,PETR4,bullish,BULL_CALL_SPREAD,80.5787,4.8248,3.1405,"PETR4,PRIO3,RADL3,ITUB4"
3462,2026-05-02T06:05:26+00:00,2026-05-02T03:05:26-03:00,547,TH-SUZB3-bullish-4704,SUZB3,bullish,BULL_CALL_SPREAD,71.2861,3.784,-0.3576,"RENT3,SUZB3,ITUB4,RAIL3,LREN3"
3465,2026-05-02T06:06:03+00:00,2026-05-02T03:06:03-03:00,548,TH-PETR4-bullish-7731,PETR4,bullish,BULL_CALL_SPREAD,80.5787,4.8248,3.1405,"LREN3,PETR4,BBAS3,ITUB4,VALE3,SUZB3,JBSS3,RAIL3"
3468,2026-05-02T06:06:24+00:00,2026-05-02T03:06:24-03:00,549,TH-HAPV3-bearish-1315,HAPV3,bearish,BEAR_PUT_SPREAD,72.3877,3.9074,5.2,"HAPV3,GGBR4,WEGE3,BBDC4"
3471,2026-05-02T06:06:53+00:00,2026-05-02T03:06:53-03:00,550,TH-PETR4-bullish-9027,PETR4,bullish,BULL_CALL_SPREAD,80.5787,4.8248,3.1405,"GGBR4,VBBR3,PETR4,RENT3,B3SA3,ABEV3"
3474,2026-05-02T06:07:22+00:00,2026-05-02T03:07:22-03:00,551,TH-PETR4-bullish-5840,PETR4,bullish,BULL_CALL_SPREAD,80.5787,4.8248,3.1405,"BPAC11,PETR4,GGBR4,RAIL3,ITUB4,B3SA3"
3477,2026-05-02T06:07:47+00:00,2026-05-02T03:07:47-03:00,552,TH-HAPV3-bearish-11668,HAPV3,bearish,BEAR_PUT_SPREAD,72.3877,3.9074,5.2,"JBSS3,BPAC11,CMIG4,HAPV3,SUZB3,GGBR4"
3480,2026-05-02T06:08:08+00:00,2026-05-02T03:08:08-03:00,553,TH-PRIO3-bullish-5265,PRIO3,bullish,BULL_CALL_SPREAD,72.5161,3.9218,5.4,"WEGE3,PRIO3,SUZB3,BPAC11"
3483,2026-05-02T06:08:35+00:00,2026-05-02T03:08:35-03:00,554,TH-JBSS3-bullish-7439,JBSS3,bullish,BULL_CALL_SPREAD,71.172,3.7713,5.4,"ITUB4,B3SA3,JBSS3,VBBR3,RENT3,CMIG4"
3486,2026-05-02T06:09:09+00:00,2026-05-02T03:09:09-03:00,555,TH-PETR4-bullish-5718,PETR4,bullish,BULL_CALL_SPREAD,80.5787,4.8248,3.1405,"SUZB3,PETR4,RENT3,VALE3,ITUB4,BPAC11,BBDC4,HAPV3"
3489,2026-05-02T06:09:44+00:00,2026-05-02T03:09:44-03:00,556,TH-PETR4-bullish-6803,PETR4,bullish,BULL_CALL_SPREAD,80.5787,4.8248,3.1405,"ABEV3,PETR4,JBSS3,ITUB4,VBBR3,RENT3,LREN3,RAIL3"
3492,2026-05-02T06:10:18+00:00,2026-05-02T03:10:18-03:00,557,TH-PETR4-bullish-10655,PETR4,bullish,BULL_CALL_SPREAD,80.5787,4.8248,3.1405,"PRIO3,BBDC4,PETR4,JBSS3,VALE3,B3SA3,BPAC11"
3495,2026-05-02T06:10:45+00:00,2026-05-02T03:10:45-03:00,558,TH-PETR4-bullish-14303,PETR4,bullish,BULL_CALL_SPREAD,80.5787,4.8248,3.1405,"RENT3,ITUB4,BPAC11,PETR4,RAIL3"
3498,2026-05-02T06:11:05+00:00,2026-05-02T03:11:05-03:00,559,TH-SUZB3-bullish-11042,SUZB3,bullish,BULL_CALL_SPREAD,71.2861,3.784,-0.3576,"VALE3,B3SA3,CMIG4,SUZB3"
3501,2026-05-02T06:11:33+00:00,2026-05-02T03:11:33-03:00,560,TH-HAPV3-bearish-1315,HAPV3,bearish,BEAR_PUT_SPREAD,72.3877,3.9074,5.2,"HAPV3,SUZB3,CMIG4,WEGE3,RENT3,B3SA3,BPAC11,ABEV3"
3504,2026-05-02T06:12:02+00:00,2026-05-02T03:12:02-03:00,561,TH-HAPV3-bearish-9772,HAPV3,bearish,BEAR_PUT_SPREAD,72.3877,3.9074,5.2,"BBAS3,WEGE3,HAPV3,RADL3,B3SA3,ITUB4,RAIL3"
3507,2026-05-02T06:12:21+00:00,2026-05-02T03:12:21-03:00,562,TH-HAPV3-bearish-10236,HAPV3,bearish,BEAR_PUT_SPREAD,72.3877,3.9074,5.2,"VALE3,RAIL3,BPAC11,HAPV3"
3510,2026-05-02T06:12:58+00:00,2026-05-02T03:12:58-03:00,563,TH-PETR4-bullish-17522,PETR4,bullish,BULL_CALL_SPREAD,80.5787,4.8248,3.1405,"BBDC4,VBBR3,CMIG4,WEGE3,PETR4,PRIO3,LREN3"
3513,2026-05-02T06:13:24+00:00,2026-05-02T03:13:24-03:00,564,TH-PETR4-bullish-3514,PETR4,bullish,BULL_CALL_SPREAD,80.5787,4.8248,3.1405,"PETR4,SUZB3,JBSS3,BPAC11,HAPV3"
3516,2026-05-02T06:13:51+00:00,2026-05-02T03:13:51-03:00,565,TH-BPAC11-bullish-0565,BPAC11,bullish,BULL_CALL_SPREAD,71.3538,3.7916,-2.2,"BPAC11,LREN3,RAIL3,BBAS3,JBSS3,VBBR3,CMIG4"
3519,2026-05-02T06:14:22+00:00,2026-05-02T03:14:22-03:00,566,TH-PETR4-bullish-11117,PETR4,bullish,BULL_CALL_SPREAD,80.5787,4.8248,3.1405,"BBDC4,ABEV3,PETR4,VBBR3,HAPV3,ITUB4,CMIG4"
3522,2026-05-02T06:14:44+00:00,2026-05-02T03:14:44-03:00,567,TH-HAPV3-bearish-15252,HAPV3,bearish,BEAR_PUT_SPREAD,72.3877,3.9074,5.2,"B3SA3,ABEV3,BBDC4,RENT3,HAPV3"
3525,2026-05-02T06:15:17+00:00,2026-05-02T03:15:17-03:00,568,TH-HAPV3-bearish-23366,HAPV3,bearish,BEAR_PUT_SPREAD,72.3877,3.9074,5.2,"RADL3,CMIG4,RENT3,VBBR3,ITUB4,BBDC4,HAPV3,LREN3"
3528,2026-05-02T06:15:39+00:00,2026-05-02T03:15:39-03:00,569,TH-BPAC11-bullish-13305,BPAC11,bullish,BULL_CALL_SPREAD,71.3538,3.7916,-2.2,"WEGE3,BBDC4,VALE3,BPAC11"
3531,2026-05-02T06:15:58+00:00,2026-05-02T03:15:58-03:00,570,TH-BPAC11-bullish-10155,BPAC11,bullish,BULL_CALL_SPREAD,71.3538,3.7916,-2.2,"B3SA3,WEGE3,ABEV3,BPAC11"
3534,2026-05-02T06:16:30+00:00,2026-05-02T03:16:30-03:00,571,TH-PRIO3-bullish-5386,PRIO3,bullish,BULL_CALL_SPREAD,72.5161,3.9218,5.4,"BBDC4,PRIO3,JBSS3,LREN3,BBAS3,WEGE3,B3SA3"
3537,2026-05-02T06:17:00+00:00,2026-05-02T03:17:00-03:00,572,TH-PETR4-bullish-7751,PETR4,bullish,BULL_CALL_SPREAD,80.5787,4.8248,3.1405,"ITUB4,PETR4,PRIO3,LREN3,JBSS3"
3540,2026-05-02T06:17:34+00:00,2026-05-02T03:17:34-03:00,573,TH-PETR4-bullish-21374,PETR4,bullish,BULL_CALL_SPREAD,80.5787,4.8248,3.1405,"GGBR4,ITUB4,BPAC11,ABEV3,RADL3,PETR4,SUZB3"
3543,2026-05-02T06:18:03+00:00,2026-05-02T03:18:03-03:00,574,TH-SUZB3-bullish-7057,SUZB3,bullish,BULL_CALL_SPREAD,71.2861,3.784,-0.3576,"RAIL3,LREN3,SUZB3,BBAS3,ITUB4,VALE3,CMIG4"
3546,2026-05-02T06:18:25+00:00,2026-05-02T03:18:25-03:00,575,TH-BBAS3-bullish-11856,BBAS3,bullish,BULL_CALL_SPREAD,72.5393,3.9244,2.8035,"BBDC4,ABEV3,BBAS3,VALE3"
3549,2026-05-02T06:18:57+00:00,2026-05-02T03:18:57-03:00,576,TH-PETR4-bullish-24444,PETR4,bullish,BULL_CALL_SPREAD,80.5787,4.8248,3.1405,"GGBR4,B3SA3,BPAC11,JBSS3,BBAS3,WEGE3,PETR4"
3552,2026-05-02T06:19:21+00:00,2026-05-02T03:19:21-03:00,577,TH-JBSS3-bullish-5331,JBSS3,bullish,BULL_CALL_SPREAD,71.172,3.7713,5.4,"ITUB4,JBSS3,BBDC4,RADL3,B3SA3"
3555,2026-05-02T06:19:45+00:00,2026-05-02T03:19:45-03:00,578,TH-BPAC11-bullish-0565,BPAC11,bullish,BULL_CALL_SPREAD,71.3538,3.7916,-2.2,"BPAC11,VALE3,B3SA3,BBAS3,ABEV3,RAIL3"
3558,2026-05-02T06:20:21+00:00,2026-05-02T03:20:21-03:00,579,TH-PETR4-bullish-24354,PETR4,bullish,BULL_CALL_SPREAD,80.5787,4.8248,3.1405,"CMIG4,BBDC4,GGBR4,JBSS3,BBAS3,PETR4,B3SA3"
3561,2026-05-02T06:20:49+00:00,2026-05-02T03:20:49-03:00,580,TH-PRIO3-bullish-5307,PRIO3,bullish,BULL_CALL_SPREAD,72.5161,3.9218,5.4,"GGBR4,PRIO3,RAIL3,ITUB4,WEGE3,JBSS3"
3564,2026-05-02T06:21:11+00:00,2026-05-02T03:21:11-03:00,581,TH-RENT3-bullish-8647,RENT3,bullish,BULL_CALL_SPREAD,70.5084,3.6969,-1.383,"CMIG4,BBDC4,RENT3,RAIL3"
3567,2026-05-02T06:21:42+00:00,2026-05-02T03:21:42-03:00,582,TH-PETR4-bullish-22711,PETR4,bullish,BULL_CALL_SPREAD,80.5787,4.8248,3.1405,"HAPV3,BBDC4,B3SA3,SUZB3,WEGE3,BBAS3,PETR4"
3570,2026-05-02T06:22:07+00:00,2026-05-02T03:22:07-03:00,583,TH-RAIL3-bullish-12747,RAIL3,bullish,BULL_CALL_SPREAD,70.2554,3.6686,5.4,"WEGE3,BBDC4,LREN3,RAIL3,CMIG4"
3573,2026-05-02T06:22:40+00:00,2026-05-02T03:22:40-03:00,584,TH-PETR4-bullish-16938,PETR4,bullish,BULL_CALL_SPREAD,80.5787,4.8248,3.1405,"JBSS3,CMIG4,ABEV3,B3SA3,PETR4,RADL3,LREN3"
3576,2026-05-02T06:23:04+00:00,2026-05-02T03:23:04-03:00,585,TH-JBSS3-bullish-1094,JBSS3,bullish,BULL_CALL_SPREAD,71.172,3.7713,5.4,"JBSS3,VALE3,LREN3,ITUB4,CMIG4"
3579,2026-05-02T06:23:32+00:00,2026-05-02T03:23:32-03:00,586,TH-HAPV3-bearish-5550,HAPV3,bearish,BEAR_PUT_SPREAD,72.3877,3.9074,5.2,"GGBR4,HAPV3,RENT3,VBBR3,BBAS3,CMIG4,JBSS3"
3582,2026-05-02T06:23:59+00:00,2026-05-02T03:23:59-03:00,587,TH-HAPV3-bearish-2593,HAPV3,bearish,BEAR_PUT_SPREAD,72.3877,3.9074,5.2,"VBBR3,HAPV3,BBAS3,GGBR4,RENT3,LREN3"
3585,2026-05-02T06:24:23+00:00,2026-05-02T03:24:23-03:00,588,TH-RAIL3-bullish-15955,RAIL3,bullish,BULL_CALL_SPREAD,70.2554,3.6686,5.4,"VALE3,WEGE3,LREN3,ABEV3,RAIL3"
3588,2026-05-02T06:24:59+00:00,2026-05-02T03:24:59-03:00,589,TH-PETR4-bullish-17197,PETR4,bullish,BULL_CALL_SPREAD,80.5787,4.8248,3.1405,"SUZB3,BBDC4,HAPV3,RADL3,VBBR3,PETR4,CMIG4,GGBR4"
3591,2026-05-02T06:25:25+00:00,2026-05-02T03:25:25-03:00,590,TH-JBSS3-bullish-5408,JBSS3,bullish,BULL_CALL_SPREAD,71.172,3.7713,5.4,"BBDC4,JBSS3,VALE3,RENT3,LREN3"
3594,2026-05-02T06:25:47+00:00,2026-05-02T03:25:47-03:00,591,TH-JBSS3-bullish-13316,JBSS3,bullish,BULL_CALL_SPREAD,71.172,3.7713,5.4,"RENT3,CMIG4,RADL3,JBSS3"
3597,2026-05-02T06:26:20+00:00,2026-05-02T03:26:20-03:00,592,TH-HAPV3-bearish-28143,HAPV3,bearish,BEAR_PUT_SPREAD,72.3877,3.9074,5.2,"RENT3,VALE3,BPAC11,ABEV3,CMIG4,BBDC4,LREN3,HAPV3"
3600,2026-05-02T06:26:43+00:00,2026-05-02T03:26:43-03:00,593,TH-SUZB3-bullish-8930,SUZB3,bullish,BULL_CALL_SPREAD,71.2861,3.784,-0.3576,"LREN3,GGBR4,SUZB3,CMIG4"
3603,2026-05-02T06:27:05+00:00,2026-05-02T03:27:05-03:00,594,TH-RENT3-bullish-0110,RENT3,bullish,BULL_CALL_SPREAD,70.5084,3.6969,-1.383,"RENT3,ABEV3,VALE3,VBBR3"
3606,2026-05-02T06:27:30+00:00,2026-05-02T03:27:30-03:00,595,TH-PRIO3-bullish-9535,PRIO3,bullish,BULL_CALL_SPREAD,72.5161,3.9218,5.4,"RENT3,ITUB4,PRIO3,HAPV3,RAIL3"
3609,2026-05-02T06:27:55+00:00,2026-05-02T03:27:55-03:00,596,TH-PRIO3-bullish-15681,PRIO3,bullish,BULL_CALL_SPREAD,72.5161,3.9218,5.4,"RAIL3,RENT3,JBSS3,LREN3,PRIO3"
3612,2026-05-02T06:28:27+00:00,2026-05-02T03:28:27-03:00,597,TH-PETR4-bullish-18104,PETR4,bullish,BULL_CALL_SPREAD,80.5787,4.8248,3.1405,"BPAC11,ITUB4,CMIG4,JBSS3,PETR4,BBDC4"
3615,2026-05-02T06:29:02+00:00,2026-05-02T03:29:02-03:00,598,TH-B3SA3-bearish-20823,B3SA3,bearish,BEAR_PUT_SPREAD,70.2572,3.6688,4.1816,"BBAS3,CMIG4,RADL3,BBDC4,VALE3,B3SA3,ITUB4,LREN3"
3618,2026-05-02T06:29:36+00:00,2026-05-02T03:29:36-03:00,599,TH-PRIO3-bullish-2350,PRIO3,bullish,BULL_CALL_SPREAD,72.5161,3.9218,5.4,"VBBR3,PRIO3,ITUB4,JBSS3,LREN3,RAIL3,RENT3,BBDC4"
3621,2026-05-02T06:30:05+00:00,2026-05-02T03:30:05-03:00,600,TH-PRIO3-bullish-11969,PRIO3,bullish,BULL_CALL_SPREAD,72.5161,3.9218,5.4,"B3SA3,CMIG4,SUZB3,RAIL3,PRIO3,RADL3,GGBR4"
3624,2026-05-02T06:30:41+00:00,2026-05-02T03:30:41-03:00,601,TH-PETR4-bullish-25035,PETR4,bullish,BULL_CALL_SPREAD,80.5787,4.8248,3.1405,"LREN3,VBBR3,RADL3,RENT3,JBSS3,CMIG4,PETR4"
3627,2026-05-02T06:31:03+00:00,2026-05-02T03:31:03-03:00,602,TH-PRIO3-bullish-11632,PRIO3,bullish,BULL_CALL_SPREAD,72.5161,3.9218,5.4,"LREN3,B3SA3,GGBR4,PRIO3"
3630,2026-05-02T06:31:28+00:00,2026-05-02T03:31:28-03:00,603,TH-PRIO3-bullish-9531,PRIO3,bullish,BULL_CALL_SPREAD,72.5161,3.9218,5.4,"VALE3,RENT3,PRIO3,SUZB3,RADL3"
3633,2026-05-02T06:31:52+00:00,2026-05-02T03:31:52-03:00,604,TH-JBSS3-bullish-5320,JBSS3,bullish,BULL_CALL_SPREAD,71.172,3.7713,5.4,"RENT3,JBSS3,LREN3,B3SA3,BBAS3"
3636,2026-05-02T06:32:24+00:00,2026-05-02T03:32:24-03:00,605,TH-JBSS3-bullish-17884,JBSS3,bullish,BULL_CALL_SPREAD,71.172,3.7713,5.4,"RAIL3,BBDC4,VALE3,RADL3,B3SA3,JBSS3,WEGE3,BBAS3"
3639,2026-05-02T06:32:46+00:00,2026-05-02T03:32:46-03:00,606,TH-JBSS3-bullish-8647,JBSS3,bullish,BULL_CALL_SPREAD,71.172,3.7713,5.4,"ABEV3,BBAS3,JBSS3,GGBR4"
3642,2026-05-02T06:33:22+00:00,2026-05-02T03:33:22-03:00,607,TH-PETR4-bullish-3514,PETR4,bullish,BULL_CALL_SPREAD,80.5787,4.8248,3.1405,"PETR4,RAIL3,BPAC11,ABEV3,SUZB3,VALE3,LREN3,PRIO3"
3645,2026-05-02T06:33:52+00:00,2026-05-02T03:33:52-03:00,608,TH-PETR4-bullish-11335,PETR4,bullish,BULL_CALL_SPREAD,80.5787,4.8248,3.1405,"LREN3,BPAC11,VBBR3,PETR4,RENT3,PRIO3"
3648,2026-05-02T06:34:31+00:00,2026-05-02T03:34:31-03:00,609,TH-PETR4-bullish-22750,PETR4,bullish,BULL_CALL_SPREAD,80.5787,4.8248,3.1405,"RENT3,WEGE3,PRIO3,RADL3,LREN3,PETR4,ITUB4,ABEV3"
3651,2026-05-02T06:34:53+00:00,2026-05-02T03:34:53-03:00,610,TH-SUZB3-bullish-12235,SUZB3,bullish,BULL_CALL_SPREAD,71.2861,3.784,-0.3576,"VALE3,ABEV3,GGBR4,SUZB3"
3654,2026-05-02T06:35:26+00:00,2026-05-02T03:35:26-03:00,611,TH-PRIO3-bullish-1072,PRIO3,bullish,BULL_CALL_SPREAD,72.5161,3.9218,5.4,"PRIO3,LREN3,VALE3,WEGE3"
3657,2026-05-02T06:36:05+00:00,2026-05-02T03:36:05-03:00,612,TH-PRIO3-bullish-18113,PRIO3,bullish,BULL_CALL_SPREAD,72.5161,3.9218,5.4,"RENT3,ITUB4,BBAS3,BBDC4,PRIO3,VALE3,RADL3,SUZB3"
3660,2026-05-02T06:36:25+00:00,2026-05-02T03:36:25-03:00,613,TH-RAIL3-bullish-1301,RAIL3,bullish,BULL_CALL_SPREAD,70.2554,3.6686,5.4,"VBBR3,RAIL3,ITUB4,BBDC4"
3663,2026-05-02T06:36:52+00:00,2026-05-02T03:36:52-03:00,614,TH-PETR4-bullish-10032,PETR4,bullish,BULL_CALL_SPREAD,80.5787,4.8248,3.1405,"SUZB3,BBDC4,PETR4,CMIG4"
3666,2026-05-02T06:37:15+00:00,2026-05-02T03:37:15-03:00,615,TH-PRIO3-bullish-9113,PRIO3,bullish,BULL_CALL_SPREAD,72.5161,3.9218,5.4,"JBSS3,ITUB4,PRIO3,HAPV3,B3SA3"
3669,2026-05-02T06:37:37+00:00,2026-05-02T03:37:37-03:00,616,TH-JBSS3-bullish-7419,JBSS3,bullish,BULL_CALL_SPREAD,71.172,3.7713,5.4,"LREN3,B3SA3,JBSS3,RADL3"
3672,2026-05-02T06:38:05+00:00,2026-05-02T03:38:05-03:00,617,TH-PRIO3-bullish-4464,PRIO3,bullish,BULL_CALL_SPREAD,72.5161,3.9218,5.4,"VBBR3,HAPV3,PRIO3,JBSS3,BBDC4,RAIL3,B3SA3"
3675,2026-05-02T06:38:25+00:00,2026-05-02T03:38:25-03:00,618,TH-SUZB3-bullish-0478,SUZB3,bullish,BULL_CALL_SPREAD,71.2861,3.784,-0.3576,"SUZB3,RAIL3,CMIG4,WEGE3"
3678,2026-05-02T06:38:53+00:00,2026-05-02T03:38:53-03:00,619,TH-PRIO3-bullish-18925,PRIO3,bullish,BULL_CALL_SPREAD,72.5161,3.9218,5.4,"BBAS3,B3SA3,RENT3,SUZB3,RADL3,VBBR3,PRIO3"
3681,2026-05-02T06:39:22+00:00,2026-05-02T03:39:22-03:00,620,TH-HAPV3-bearish-16670,HAPV3,bearish,BEAR_PUT_SPREAD,72.3877,3.9074,5.2,"RAIL3,ABEV3,WEGE3,VALE3,VBBR3,HAPV3,RADL3"
3684,2026-05-02T06:39:52+00:00,2026-05-02T03:39:52-03:00,621,TH-PRIO3-bullish-20569,PRIO3,bullish,BULL_CALL_SPREAD,72.5161,3.9218,5.4,"GGBR4,RAIL3,ITUB4,HAPV3,BPAC11,CMIG4,PRIO3"
3687,2026-05-02T06:40:21+00:00,2026-05-02T03:40:21-03:00,622,TH-BPAC11-bullish-20882,BPAC11,bullish,BULL_CALL_SPREAD,71.3538,3.7916,-2.2,"GGBR4,ITUB4,VALE3,RENT3,B3SA3,VBBR3,BPAC11"
3690,2026-05-02T06:40:50+00:00,2026-05-02T03:40:50-03:00,623,TH-PRIO3-bullish-17154,PRIO3,bullish,BULL_CALL_SPREAD,72.5161,3.9218,5.4,"VALE3,VBBR3,B3SA3,RENT3,ITUB4,PRIO3,HAPV3"
3693,2026-05-02T06:41:18+00:00,2026-05-02T03:41:18-03:00,624,TH-PETR4-bullish-3514,PETR4,bullish,BULL_CALL_SPREAD,80.5787,4.8248,3.1405,"PETR4,JBSS3,ITUB4,BBDC4"
3696,2026-05-02T06:41:55+00:00,2026-05-02T03:41:55-03:00,625,TH-PETR4-bullish-12019,PETR4,bullish,BULL_CALL_SPREAD,80.5787,4.8248,3.1405,"SUZB3,B3SA3,WEGE3,PETR4,HAPV3,JBSS3,BBAS3,RADL3"
3699,2026-05-02T06:42:19+00:00,2026-05-02T03:42:19-03:00,626,TH-PETR4-bullish-14082,PETR4,bullish,BULL_CALL_SPREAD,80.5787,4.8248,3.1405,"LREN3,ITUB4,HAPV3,PETR4"
3702,2026-05-02T06:42:50+00:00,2026-05-02T03:42:50-03:00,627,TH-B3SA3-bearish-20603,B3SA3,bearish,BEAR_PUT_SPREAD,70.2572,3.6688,4.1816,"RAIL3,CMIG4,WEGE3,BBDC4,VBBR3,LREN3,B3SA3"
3705,2026-05-02T06:43:20+00:00,2026-05-02T03:43:20-03:00,628,TH-PETR4-bullish-7778,PETR4,bullish,BULL_CALL_SPREAD,80.5787,4.8248,3.1405,"BBAS3,PETR4,ITUB4,BBDC4"
3708,2026-05-02T06:43:44+00:00,2026-05-02T03:43:44-03:00,629,TH-PETR4-bullish-7778,PETR4,bullish,BULL_CALL_SPREAD,80.5787,4.8248,3.1405,"BBAS3,PETR4,ABEV3,HAPV3"
3711,2026-05-02T06:44:06+00:00,2026-05-02T03:44:06-03:00,630,TH-HAPV3-bearish-1315,HAPV3,bearish,BEAR_PUT_SPREAD,72.3877,3.9074,5.2,"HAPV3,RENT3,VBBR3,VALE3"
3714,2026-05-02T06:44:36+00:00,2026-05-02T03:44:36-03:00,631,TH-JBSS3-bullish-1094,JBSS3,bullish,BULL_CALL_SPREAD,71.172,3.7713,5.4,"JBSS3,GGBR4,RAIL3,VALE3,RENT3,ITUB4"
3717,2026-05-02T06:45:11+00:00,2026-05-02T03:45:11-03:00,632,TH-RENT3-bullish-14972,RENT3,bullish,BULL_CALL_SPREAD,70.5084,3.6969,-1.383,"BBDC4,LREN3,CMIG4,B3SA3,RENT3,ABEV3,VBBR3,VALE3"
3720,2026-05-02T06:45:45+00:00,2026-05-02T03:45:45-03:00,633,TH-PETR4-bullish-24961,PETR4,bullish,BULL_CALL_SPREAD,80.5787,4.8248,3.1405,"SUZB3,BBAS3,WEGE3,BPAC11,CMIG4,ITUB4,PETR4"
3723,2026-05-02T06:46:16+00:00,2026-05-02T03:46:16-03:00,634,TH-HAPV3-bearish-9170,HAPV3,bearish,BEAR_PUT_SPREAD,72.3877,3.9074,5.2,"SUZB3,RAIL3,ABEV3,HAPV3,RADL3,BBDC4,VALE3,BBAS3"
3726,2026-05-02T06:46:37+00:00,2026-05-02T03:46:37-03:00,635,TH-HAPV3-bearish-7450,HAPV3,bearish,BEAR_PUT_SPREAD,72.3877,3.9074,5.2,"RAIL3,RADL3,HAPV3,ABEV3,VALE3"
3729,2026-05-02T06:47:10+00:00,2026-05-02T03:47:10-03:00,636,TH-PETR4-bullish-7736,PETR4,bullish,BULL_CALL_SPREAD,80.5787,4.8248,3.1405,"HAPV3,B3SA3,PETR4,LREN3,VBBR3,BPAC11,BBDC4,SUZB3"
3732,2026-05-02T06:47:32+00:00,2026-05-02T03:47:32-03:00,637,TH-SUZB3-bullish-11695,SUZB3,bullish,BULL_CALL_SPREAD,71.2861,3.784,-0.3576,"RAIL3,VBBR3,RADL3,JBSS3,SUZB3"
3735,2026-05-02T06:48:03+00:00,2026-05-02T03:48:03-03:00,638,TH-PETR4-bullish-7737,PETR4,bullish,BULL_CALL_SPREAD,80.5787,4.8248,3.1405,"CMIG4,PETR4,RADL3,ITUB4,VALE3"
3738,2026-05-02T06:48:42+00:00,2026-05-02T03:48:42-03:00,639,TH-PETR4-bullish-3514,PETR4,bullish,BULL_CALL_SPREAD,80.5787,4.8248,3.1405,"PETR4,B3SA3,GGBR4,JBSS3,RADL3,BPAC11,BBAS3,ITUB4"
3741,2026-05-02T06:49:11+00:00,2026-05-02T03:49:11-03:00,640,TH-RENT3-bullish-10769,RENT3,bullish,BULL_CALL_SPREAD,70.5084,3.6969,-1.383,"ITUB4,BBDC4,B3SA3,RENT3,VALE3,LREN3"
3744,2026-05-02T06:49:40+00:00,2026-05-02T03:49:40-03:00,641,TH-PETR4-bullish-19951,PETR4,bullish,BULL_CALL_SPREAD,80.5787,4.8248,3.1405,"LREN3,CMIG4,WEGE3,JBSS3,PETR4"
3747,2026-05-02T06:50:13+00:00,2026-05-02T03:50:13-03:00,642,TH-PETR4-bullish-17164,PETR4,bullish,BULL_CALL_SPREAD,80.5787,4.8248,3.1405,"BPAC11,BBAS3,PRIO3,VALE3,PETR4,LREN3"
3750,2026-05-02T06:50:40+00:00,2026-05-02T03:50:40-03:00,643,TH-HAPV3-bearish-21869,HAPV3,bearish,BEAR_PUT_SPREAD,72.3877,3.9074,5.2,"RENT3,BPAC11,BBDC4,LREN3,VBBR3,WEGE3,HAPV3"
3753,2026-05-02T06:51:01+00:00,2026-05-02T03:51:01-03:00,644,TH-GGBR4-bullish-5641,GGBR4,bullish,BULL_CALL_SPREAD,70.4848,3.6943,-2.2,"VBBR3,ITUB4,GGBR4,LREN3"
3756,2026-05-02T06:51:36+00:00,2026-05-02T03:51:36-03:00,645,TH-PRIO3-bullish-5289,PRIO3,bullish,BULL_CALL_SPREAD,72.5161,3.9218,5.4,"LREN3,PRIO3,RADL3,HAPV3,GGBR4,BBDC4,ITUB4,ABEV3"
3759,2026-05-02T06:51:56+00:00,2026-05-02T03:51:56-03:00,646,TH-HAPV3-bearish-5541,HAPV3,bearish,BEAR_PUT_SPREAD,72.3877,3.9074,5.2,"RENT3,HAPV3,VALE3,RADL3"
3762,2026-05-02T06:52:33+00:00,2026-05-02T03:52:33-03:00,647,TH-PETR4-bullish-3514,PETR4,bullish,BULL_CALL_SPREAD,80.5787,4.8248,3.1405,"PETR4,HAPV3,ABEV3,ITUB4,WEGE3,BBDC4,VALE3"
3765,2026-05-02T06:53:13+00:00,2026-05-02T03:53:13-03:00,648,TH-PETR4-bullish-7318,PETR4,bullish,BULL_CALL_SPREAD,80.5787,4.8248,3.1405,"JBSS3,PETR4,WEGE3,BPAC11,VALE3,ABEV3,LREN3,CMIG4"
3768,2026-05-02T06:53:41+00:00,2026-05-02T03:53:41-03:00,649,TH-HAPV3-bearish-3423,HAPV3,bearish,BEAR_PUT_SPREAD,72.3877,3.9074,5.2,"B3SA3,HAPV3,WEGE3,GGBR4,LREN3,SUZB3,RENT3"
3771,2026-05-02T06:54:17+00:00,2026-05-02T03:54:17-03:00,650,TH-PETR4-bullish-17354,PETR4,bullish,BULL_CALL_SPREAD,80.5787,4.8248,3.1405,"B3SA3,ABEV3,RENT3,LREN3,PETR4,WEGE3,BBAS3"
3774,2026-05-02T06:54:56+00:00,2026-05-02T03:54:56-03:00,651,TH-PETR4-bullish-25375,PETR4,bullish,BULL_CALL_SPREAD,80.5787,4.8248,3.1405,"SUZB3,ABEV3,PRIO3,RADL3,BBAS3,VBBR3,RENT3,PETR4"
3777,2026-05-02T06:55:30+00:00,2026-05-02T03:55:30-03:00,652,TH-BPAC11-bullish-15356,BPAC11,bullish,BULL_CALL_SPREAD,71.3538,3.7916,-2.2,"RENT3,BBAS3,B3SA3,WEGE3,BPAC11,GGBR4,CMIG4,RADL3"
3780,2026-05-02T06:55:54+00:00,2026-05-02T03:55:54-03:00,653,TH-HAPV3-bearish-1315,HAPV3,bearish,BEAR_PUT_SPREAD,72.3877,3.9074,5.2,"HAPV3,BBAS3,GGBR4,WEGE3,CMIG4"
3783,2026-05-02T06:56:22+00:00,2026-05-02T03:56:22-03:00,654,TH-BPAC11-bullish-12654,BPAC11,bullish,BULL_CALL_SPREAD,71.3538,3.7916,-2.2,"VBBR3,RAIL3,CMIG4,RENT3,BPAC11,B3SA3,GGBR4,SUZB3"
3786,2026-05-02T06:56:57+00:00,2026-05-02T03:56:57-03:00,655,TH-PRIO3-bullish-25045,PRIO3,bullish,BULL_CALL_SPREAD,72.5161,3.9218,5.4,"GGBR4,RENT3,RADL3,VALE3,LREN3,ABEV3,PRIO3,HAPV3"
3789,2026-05-02T06:57:26+00:00,2026-05-02T03:57:26-03:00,656,TH-RENT3-bullish-4327,RENT3,bullish,BULL_CALL_SPREAD,70.5084,3.6969,-1.383,"LREN3,RENT3,BBDC4,RADL3,BBAS3,VALE3"
3792,2026-05-02T06:57:51+00:00,2026-05-02T03:57:51-03:00,657,TH-RENT3-bullish-0110,RENT3,bullish,BULL_CALL_SPREAD,70.5084,3.6969,-1.383,"RENT3,GGBR4,RADL3,ABEV3,VALE3"
3795,2026-05-02T06:58:17+00:00,2026-05-02T03:58:17-03:00,658,TH-PETR4-bullish-3514,PETR4,bullish,BULL_CALL_SPREAD,80.5787,4.8248,3.1405,"PETR4,BPAC11,RENT3,BBAS3"
3798,2026-05-02T06:58:36+00:00,2026-05-02T03:58:36-03:00,659,TH-SUZB3-bullish-6821,SUZB3,bullish,BULL_CALL_SPREAD,71.2861,3.784,-0.3576,"GGBR4,B3SA3,SUZB3,ABEV3"
3801,2026-05-02T06:59:00+00:00,2026-05-02T03:59:00-03:00,660,TH-PETR4-bullish-7287,PETR4,bullish,BULL_CALL_SPREAD,80.5787,4.8248,3.1405,"RADL3,PETR4,JBSS3,SUZB3"
3804,2026-05-02T06:59:25+00:00,2026-05-02T03:59:25-03:00,661,TH-JBSS3-bullish-14941,JBSS3,bullish,BULL_CALL_SPREAD,71.172,3.7713,5.4,"LREN3,ABEV3,B3SA3,VALE3,JBSS3,RAIL3"
3807,2026-05-02T06:59:54+00:00,2026-05-02T03:59:54-03:00,662,TH-PRIO3-bullish-6587,PRIO3,bullish,BULL_CALL_SPREAD,72.5161,3.9218,5.4,"VBBR3,ITUB4,PRIO3,HAPV3,LREN3,VALE3"
3810,2026-05-02T07:00:30+00:00,2026-05-02T04:00:30-03:00,663,TH-PETR4-bullish-23410,PETR4,bullish,BULL_CALL_SPREAD,80.5787,4.8248,3.1405,"ABEV3,BPAC11,B3SA3,JBSS3,BBAS3,PRIO3,VBBR3,PETR4"
3813,2026-05-02T07:00:57+00:00,2026-05-02T04:00:57-03:00,664,TH-PETR4-bullish-11380,PETR4,bullish,BULL_CALL_SPREAD,80.5787,4.8248,3.1405,"RENT3,VBBR3,RAIL3,PETR4,WEGE3"
3816,2026-05-02T07:01:38+00:00,2026-05-02T04:01:38-03:00,665,TH-PETR4-bullish-26099,PETR4,bullish,BULL_CALL_SPREAD,80.5787,4.8248,3.1405,"RADL3,ABEV3,RENT3,PRIO3,VALE3,ITUB4,PETR4,WEGE3"
3819,2026-05-02T07:02:06+00:00,2026-05-02T04:02:06-03:00,666,TH-PRIO3-bullish-5309,PRIO3,bullish,BULL_CALL_SPREAD,72.5161,3.9218,5.4,"ITUB4,PRIO3,RAIL3,SUZB3,B3SA3,JBSS3,RADL3"
3822,2026-05-02T07:02:31+00:00,2026-05-02T04:02:31-03:00,667,TH-PRIO3-bullish-15750,PRIO3,bullish,BULL_CALL_SPREAD,72.5161,3.9218,5.4,"WEGE3,JBSS3,HAPV3,VBBR3,ABEV3,PRIO3"
3825,2026-05-02T07:03:04+00:00,2026-05-02T04:03:04-03:00,668,TH-PRIO3-bullish-13726,PRIO3,bullish,BULL_CALL_SPREAD,72.5161,3.9218,5.4,"RENT3,GGBR4,WEGE3,PRIO3,ITUB4,BBDC4,BPAC11"
3828,2026-05-02T07:03:32+00:00,2026-05-02T04:03:32-03:00,669,TH-BPAC11-bullish-6078,BPAC11,bullish,BULL_CALL_SPREAD,71.3538,3.7916,-2.2,"VBBR3,GGBR4,BPAC11,BBAS3,WEGE3,B3SA3,BBDC4"
3831,2026-05-02T07:03:56+00:00,2026-05-02T04:03:56-03:00,670,TH-SUZB3-bullish-8519,SUZB3,bullish,BULL_CALL_SPREAD,71.2861,3.784,-0.3576,"JBSS3,ITUB4,SUZB3,LREN3,B3SA3"
3834,2026-05-02T07:04:33+00:00,2026-05-02T04:04:33-03:00,671,TH-PETR4-bullish-20636,PETR4,bullish,BULL_CALL_SPREAD,80.5787,4.8248,3.1405,"WEGE3,RAIL3,VALE3,B3SA3,RENT3,PETR4,ITUB4"
3837,2026-05-02T07:05:13+00:00,2026-05-02T04:05:13-03:00,672,TH-PETR4-bullish-24967,PETR4,bullish,BULL_CALL_SPREAD,80.5787,4.8248,3.1405,"RADL3,WEGE3,SUZB3,CMIG4,VALE3,PRIO3,PETR4,LREN3"
3840,2026-05-02T07:05:50+00:00,2026-05-02T04:05:50-03:00,673,TH-PETR4-bullish-12015,PETR4,bullish,BULL_CALL_SPREAD,80.5787,4.8248,3.1405,"BBAS3,ITUB4,PETR4,BPAC11,WEGE3,HAPV3,PRIO3,VBBR3"
3843,2026-05-02T07:06:16+00:00,2026-05-02T04:06:16-03:00,674,TH-HAPV3-bearish-15910,HAPV3,bearish,BEAR_PUT_SPREAD,72.3877,3.9074,5.2,"ITUB4,CMIG4,RAIL3,RADL3,HAPV3,WEGE3"
3846,2026-05-02T07:06:40+00:00,2026-05-02T04:06:40-03:00,675,TH-BPAC11-bullish-16429,BPAC11,bullish,BULL_CALL_SPREAD,71.3538,3.7916,-2.2,"BBDC4,SUZB3,BBAS3,JBSS3,VBBR3,BPAC11"
3849,2026-05-02T07:07:05+00:00,2026-05-02T04:07:05-03:00,676,TH-HAPV3-bearish-9787,HAPV3,bearish,BEAR_PUT_SPREAD,72.3877,3.9074,5.2,"ITUB4,GGBR4,HAPV3,CMIG4,RENT3"
3852,2026-05-02T07:07:32+00:00,2026-05-02T04:07:32-03:00,677,TH-PRIO3-bullish-11886,PRIO3,bullish,BULL_CALL_SPREAD,72.5161,3.9218,5.4,"RAIL3,LREN3,GGBR4,PRIO3,B3SA3,WEGE3"
3855,2026-05-02T07:07:59+00:00,2026-05-02T04:07:59-03:00,678,TH-HAPV3-bearish-20642,HAPV3,bearish,BEAR_PUT_SPREAD,72.3877,3.9074,5.2,"BBDC4,LREN3,BPAC11,ITUB4,VALE3,HAPV3"
3858,2026-05-02T07:08:33+00:00,2026-05-02T04:08:33-03:00,679,TH-PETR4-bullish-14086,PETR4,bullish,BULL_CALL_SPREAD,80.5787,4.8248,3.1405,"CMIG4,GGBR4,HAPV3,PETR4,JBSS3,RAIL3,ITUB4"
3861,2026-05-02T07:09:09+00:00,2026-05-02T04:09:09-03:00,680,TH-PETR4-bullish-14255,PETR4,bullish,BULL_CALL_SPREAD,80.5787,4.8248,3.1405,"SUZB3,CMIG4,BBDC4,PETR4,GGBR4,RENT3,ITUB4"
3864,2026-05-02T07:09:43+00:00,2026-05-02T04:09:43-03:00,681,TH-HAPV3-bearish-5088,HAPV3,bearish,BEAR_PUT_SPREAD,72.3877,3.9074,5.2,"RADL3,HAPV3,BBDC4,LREN3,ITUB4,CMIG4,GGBR4,JBSS3"
3867,2026-05-02T07:10:07+00:00,2026-05-02T04:10:07-03:00,682,TH-HAPV3-bearish-5550,HAPV3,bearish,BEAR_PUT_SPREAD,72.3877,3.9074,5.2,"GGBR4,HAPV3,B3SA3,VBBR3,WEGE3,RAIL3"
3870,2026-05-02T07:10:35+00:00,2026-05-02T04:10:35-03:00,683,TH-HAPV3-bearish-20977,HAPV3,bearish,BEAR_PUT_SPREAD,72.3877,3.9074,5.2,"CMIG4,BPAC11,RAIL3,BBDC4,SUZB3,VALE3,HAPV3,JBSS3"
3873,2026-05-02T07:10:57+00:00,2026-05-02T04:10:57-03:00,684,TH-JBSS3-bullish-5331,JBSS3,bullish,BULL_CALL_SPREAD,71.172,3.7713,5.4,"ITUB4,JBSS3,B3SA3,VALE3"
3876,2026-05-02T07:11:26+00:00,2026-05-02T04:11:26-03:00,685,TH-PETR4-bullish-10114,PETR4,bullish,BULL_CALL_SPREAD,80.5787,4.8248,3.1405,"RADL3,PRIO3,PETR4,ITUB4"
3879,2026-05-02T07:11:48+00:00,2026-05-02T04:11:48-03:00,686,TH-WEGE3-bullish-7813,WEGE3,bullish,BULL_CALL_SPREAD,73.6673,4.0507,5.0827,"BBDC4,WEGE3,LREN3,CMIG4"
3882,2026-05-02T07:12:21+00:00,2026-05-02T04:12:21-03:00,687,TH-HAPV3-bearish-13044,HAPV3,bearish,BEAR_PUT_SPREAD,72.3877,3.9074,5.2,"LREN3,CMIG4,ABEV3,HAPV3,B3SA3,WEGE3,BBDC4,RADL3"
3885,2026-05-02T07:12:52+00:00,2026-05-02T04:12:52-03:00,688,TH-BPAC11-bullish-19828,BPAC11,bullish,BULL_CALL_SPREAD,71.3538,3.7916,-2.2,"RAIL3,GGBR4,LREN3,CMIG4,RENT3,BPAC11,B3SA3,RADL3"
3888,2026-05-02T07:13:13+00:00,2026-05-02T04:13:13-03:00,689,TH-PRIO3-bullish-1072,PRIO3,bullish,BULL_CALL_SPREAD,72.5161,3.9218,5.4,"PRIO3,RAIL3,RADL3,HAPV3,SUZB3"
3891,2026-05-02T07:13:49+00:00,2026-05-02T04:13:49-03:00,690,TH-PETR4-bullish-3514,PETR4,bullish,BULL_CALL_SPREAD,80.5787,4.8248,3.1405,"PETR4,JBSS3,RENT3,PRIO3,GGBR4,ITUB4"
3894,2026-05-02T07:14:10+00:00,2026-05-02T04:14:10-03:00,691,TH-GGBR4-bullish-10091,GGBR4,bullish,BULL_CALL_SPREAD,70.4848,3.6943,-2.2,"ABEV3,RAIL3,BBDC4,GGBR4"
3897,2026-05-02T07:14:30+00:00,2026-05-02T04:14:30-03:00,692,TH-JBSS3-bullish-7395,JBSS3,bullish,BULL_CALL_SPREAD,71.172,3.7713,5.4,"WEGE3,B3SA3,JBSS3,VBBR3"
3900,2026-05-02T07:14:55+00:00,2026-05-02T04:14:55-03:00,693,TH-SUZB3-bullish-0478,SUZB3,bullish,BULL_CALL_SPREAD,71.2861,3.784,-0.3576,"SUZB3,ABEV3,CMIG4,JBSS3,ITUB4"
3903,2026-05-02T07:15:27+00:00,2026-05-02T04:15:27-03:00,694,TH-PETR4-bullish-16652,PETR4,bullish,BULL_CALL_SPREAD,80.5787,4.8248,3.1405,"VALE3,LREN3,BPAC11,RAIL3,PETR4,GGBR4,HAPV3"
3906,2026-05-02T07:16:01+00:00,2026-05-02T04:16:01-03:00,695,TH-PRIO3-bullish-21879,PRIO3,bullish,BULL_CALL_SPREAD,72.5161,3.9218,5.4,"VALE3,CMIG4,BBAS3,BBDC4,RADL3,PRIO3,BPAC11,RAIL3"
3909,2026-05-02T07:16:25+00:00,2026-05-02T04:16:25-03:00,696,TH-SUZB3-bullish-12701,SUZB3,bullish,BULL_CALL_SPREAD,71.2861,3.784,-0.3576,"LREN3,VALE3,RADL3,SUZB3,CMIG4"
3912,2026-05-02T07:16:46+00:00,2026-05-02T04:16:46-03:00,697,TH-SUZB3-bullish-0478,SUZB3,bullish,BULL_CALL_SPREAD,71.2861,3.784,-0.3576,"SUZB3,BBAS3,ITUB4,VALE3"
3915,2026-05-02T07:17:09+00:00,2026-05-02T04:17:09-03:00,698,TH-SUZB3-bullish-10199,SUZB3,bullish,BULL_CALL_SPREAD,71.2861,3.784,-0.3576,"VBBR3,RENT3,LREN3,SUZB3,VALE3"
3918,2026-05-02T07:17:30+00:00,2026-05-02T04:17:30-03:00,699,TH-RENT3-bullish-4347,RENT3,bullish,BULL_CALL_SPREAD,70.5084,3.6969,-1.383,"ITUB4,RENT3,CMIG4,B3SA3"
3921,2026-05-02T07:17:49+00:00,2026-05-02T04:17:49-03:00,700,TH-HAPV3-bearish-5538,HAPV3,bearish,BEAR_PUT_SPREAD,72.3877,3.9074,5.2,"CMIG4,HAPV3,LREN3,VBBR3"
3924,2026-05-02T07:18:10+00:00,2026-05-02T04:18:10-03:00,701,TH-SUZB3-bullish-11775,SUZB3,bullish,BULL_CALL_SPREAD,71.2861,3.784,-0.3576,"RADL3,GGBR4,ABEV3,SUZB3,VBBR3"
3927,2026-05-02T07:18:43+00:00,2026-05-02T04:18:43-03:00,702,TH-PETR4-bullish-5622,PETR4,bullish,BULL_CALL_SPREAD,80.5787,4.8248,3.1405,"B3SA3,PETR4,HAPV3,PRIO3,ITUB4,BPAC11,LREN3"
3930,2026-05-02T07:19:12+00:00,2026-05-02T04:19:12-03:00,703,TH-PRIO3-bullish-12910,PRIO3,bullish,BULL_CALL_SPREAD,72.5161,3.9218,5.4,"ABEV3,BBDC4,GGBR4,PRIO3,VALE3,CMIG4"
3933,2026-05-02T07:19:49+00:00,2026-05-02T04:19:49-03:00,704,TH-PRIO3-bullish-24698,PRIO3,bullish,BULL_CALL_SPREAD,72.5161,3.9218,5.4,"CMIG4,BBAS3,ITUB4,BBDC4,RENT3,RAIL3,PRIO3,WEGE3"
3936,2026-05-02T07:20:22+00:00,2026-05-02T04:20:22-03:00,705,TH-BPAC11-bullish-2673,BPAC11,bullish,BULL_CALL_SPREAD,71.3538,3.7916,-2.2,"B3SA3,BPAC11,LREN3,JBSS3,BBDC4,GGBR4"
3939,2026-05-02T07:21:00+00:00,2026-05-02T04:21:00-03:00,706,TH-PETR4-bullish-17135,PETR4,bullish,BULL_CALL_SPREAD,80.5787,4.8248,3.1405,"BPAC11,PRIO3,GGBR4,VALE3,PETR4,JBSS3,SUZB3,HAPV3"
3942,2026-05-02T07:21:34+00:00,2026-05-02T04:21:34-03:00,707,TH-PETR4-bullish-11812,PETR4,bullish,BULL_CALL_SPREAD,80.5787,4.8248,3.1405,"PRIO3,WEGE3,VBBR3,PETR4,LREN3,CMIG4"
3945,2026-05-02T07:22:08+00:00,2026-05-02T04:22:08-03:00,708,TH-PETR4-bullish-21799,PETR4,bullish,BULL_CALL_SPREAD,80.5787,4.8248,3.1405,"ITUB4,SUZB3,LREN3,VBBR3,GGBR4,HAPV3,PETR4,RENT3"
3948,2026-05-02T07:22:38+00:00,2026-05-02T04:22:38-03:00,709,TH-HAPV3-bearish-13164,HAPV3,bearish,BEAR_PUT_SPREAD,72.3877,3.9074,5.2,"ITUB4,RENT3,B3SA3,VBBR3,HAPV3,RAIL3,BBDC4,JBSS3"
3951,2026-05-02T07:23:00+00:00,2026-05-02T04:23:00-03:00,710,TH-WEGE3-bullish-6788,WEGE3,bullish,BULL_CALL_SPREAD,73.6673,4.0507,5.0827,"ABEV3,WEGE3,BBDC4,RADL3"
3954,2026-05-02T07:23:22+00:00,2026-05-02T04:23:22-03:00,711,TH-SUZB3-bullish-0478,SUZB3,bullish,BULL_CALL_SPREAD,71.2861,3.784,-0.3576,"SUZB3,ITUB4,CMIG4,WEGE3"
3957,2026-05-02T07:23:43+00:00,2026-05-02T04:23:43-03:00,712,TH-JBSS3-bullish-2372,JBSS3,bullish,BULL_CALL_SPREAD,71.172,3.7713,5.4,"VBBR3,JBSS3,BBDC4,CMIG4"
3960,2026-05-02T07:24:04+00:00,2026-05-02T04:24:04-03:00,713,TH-BPAC11-bullish-13293,BPAC11,bullish,BULL_CALL_SPREAD,71.3538,3.7916,-2.2,"WEGE3,B3SA3,SUZB3,CMIG4,BPAC11"
3963,2026-05-02T07:24:27+00:00,2026-05-02T04:24:27-03:00,714,TH-BPAC11-bullish-0565,BPAC11,bullish,BULL_CALL_SPREAD,71.3538,3.7916,-2.2,"BPAC11,VBBR3,RAIL3,BBAS3,B3SA3,VALE3"
3966,2026-05-02T07:24:54+00:00,2026-05-02T04:24:54-03:00,715,TH-PETR4-bullish-17476,PETR4,bullish,BULL_CALL_SPREAD,80.5787,4.8248,3.1405,"RENT3,CMIG4,GGBR4,VBBR3,PETR4"
3969,2026-05-02T07:25:26+00:00,2026-05-02T04:25:26-03:00,716,TH-PRIO3-bullish-5307,PRIO3,bullish,BULL_CALL_SPREAD,72.5161,3.9218,5.4,"GGBR4,PRIO3,RADL3,RENT3,ITUB4,WEGE3,BBDC4"
3972,2026-05-02T07:26:03+00:00,2026-05-02T04:26:03-03:00,717,TH-HAPV3-bearish-17604,HAPV3,bearish,BEAR_PUT_SPREAD,72.3877,3.9074,5.2,"VBBR3,GGBR4,LREN3,VALE3,BPAC11,HAPV3,ITUB4"
3975,2026-05-02T07:26:28+00:00,2026-05-02T04:26:28-03:00,718,TH-BPAC11-bullish-17120,BPAC11,bullish,BULL_CALL_SPREAD,71.3538,3.7916,-2.2,"BBDC4,VALE3,RADL3,GGBR4,BPAC11"
3978,2026-05-02T07:27:03+00:00,2026-05-02T04:27:03-03:00,719,TH-RENT3-bullish-0110,RENT3,bullish,BULL_CALL_SPREAD,70.5084,3.6969,-1.383,"RENT3,ITUB4,RAIL3,B3SA3,VALE3,VBBR3,WEGE3,BBDC4"
3981,2026-05-02T07:27:33+00:00,2026-05-02T04:27:33-03:00,720,TH-SUZB3-bullish-8935,SUZB3,bullish,BULL_CALL_SPREAD,71.2861,3.784,-0.3576,"BBAS3,WEGE3,SUZB3,ABEV3,VBBR3,LREN3,ITUB4"
3984,2026-05-02T07:28:03+00:00,2026-05-02T04:28:03-03:00,721,TH-PETR4-bullish-7740,PETR4,bullish,BULL_CALL_SPREAD,80.5787,4.8248,3.1405,"RENT3,PETR4,CMIG4,RADL3,BPAC11"
3987,2026-05-02T07:28:25+00:00,2026-05-02T04:28:25-03:00,722,TH-RENT3-bullish-2218,RENT3,bullish,BULL_CALL_SPREAD,70.5084,3.6969,-1.383,"B3SA3,RENT3,WEGE3,VALE3"
3990,2026-05-02T07:28:56+00:00,2026-05-02T04:28:56-03:00,723,TH-PRIO3-bullish-8134,PRIO3,bullish,BULL_CALL_SPREAD,72.5161,3.9218,5.4,"RADL3,ABEV3,PRIO3,HAPV3,VALE3,BBAS3,RAIL3,BPAC11"
3993,2026-05-02T07:29:35+00:00,2026-05-02T04:29:35-03:00,724,TH-PETR4-bullish-3514,PETR4,bullish,BULL_CALL_SPREAD,80.5787,4.8248,3.1405,"PETR4,CMIG4,VBBR3,RENT3,ITUB4,BBAS3,RAIL3,VALE3"
3996,2026-05-02T07:29:59+00:00,2026-05-02T04:29:59-03:00,725,TH-BPAC11-bullish-0565,BPAC11,bullish,BULL_CALL_SPREAD,71.3538,3.7916,-2.2,"BPAC11,CMIG4,RAIL3,LREN3,B3SA3,SUZB3"
3999,2026-05-02T07:30:36+00:00,2026-05-02T04:30:36-03:00,726,TH-PETR4-bullish-22774,PETR4,bullish,BULL_CALL_SPREAD,80.5787,4.8248,3.1405,"GGBR4,VALE3,ITUB4,WEGE3,RAIL3,PETR4,HAPV3,RADL3"
4002,2026-05-02T07:31:13+00:00,2026-05-02T04:31:13-03:00,727,TH-PETR4-bullish-5718,PETR4,bullish,BULL_CALL_SPREAD,80.5787,4.8248,3.1405,"SUZB3,PETR4,RENT3,JBSS3,PRIO3,CMIG4,BBDC4"
4005,2026-05-02T07:31:45+00:00,2026-05-02T04:31:45-03:00,728,TH-PETR4-bullish-3514,PETR4,bullish,BULL_CALL_SPREAD,80.5787,4.8248,3.1405,"PETR4,RAIL3,HAPV3,B3SA3,BBAS3,RENT3,LREN3"
4008,2026-05-02T07:32:09+00:00,2026-05-02T04:32:09-03:00,729,TH-HAPV3-bearish-1315,HAPV3,bearish,BEAR_PUT_SPREAD,72.3877,3.9074,5.2,"HAPV3,JBSS3,SUZB3,BPAC11,ABEV3,VBBR3,RENT3"
4011,2026-05-02T07:32:33+00:00,2026-05-02T04:32:33-03:00,730,TH-BPAC11-bullish-12856,BPAC11,bullish,BULL_CALL_SPREAD,71.3538,3.7916,-2.2,"CMIG4,JBSS3,BBAS3,BPAC11,RENT3"
4014,2026-05-02T07:33:00+00:00,2026-05-02T04:33:00-03:00,731,TH-HAPV3-bearish-13118,HAPV3,bearish,BEAR_PUT_SPREAD,72.3877,3.9074,5.2,"RENT3,RADL3,JBSS3,HAPV3,BBAS3,VALE3"
4017,2026-05-02T07:33:36+00:00,2026-05-02T04:33:36-03:00,732,TH-PETR4-bullish-24323,PETR4,bullish,BULL_CALL_SPREAD,80.5787,4.8248,3.1405,"RADL3,CMIG4,BBAS3,BBDC4,GGBR4,PETR4"
4020,2026-05-02T07:34:14+00:00,2026-05-02T04:34:14-03:00,733,TH-PETR4-bullish-8545,PETR4,bullish,BULL_CALL_SPREAD,80.5787,4.8248,3.1405,"SUZB3,PRIO3,PETR4,ITUB4,JBSS3,RENT3,GGBR4"
4023,2026-05-02T07:34:45+00:00,2026-05-02T04:34:45-03:00,734,TH-RENT3-bullish-3883,RENT3,bullish,BULL_CALL_SPREAD,70.5084,3.6969,-1.383,"RADL3,RENT3,WEGE3,BBDC4,ABEV3,RAIL3,VALE3"
4026,2026-05-02T07:35:11+00:00,2026-05-02T04:35:11-03:00,735,TH-HAPV3-bearish-16381,HAPV3,bearish,BEAR_PUT_SPREAD,72.3877,3.9074,5.2,"RAIL3,LREN3,CMIG4,BBAS3,HAPV3,RENT3"
4029,2026-05-02T07:35:38+00:00,2026-05-02T04:35:38-03:00,736,TH-PRIO3-bullish-5336,PRIO3,bullish,BULL_CALL_SPREAD,72.5161,3.9218,5.4,"BBAS3,PRIO3,HAPV3,VALE3,LREN3"
4032,2026-05-02T07:36:03+00:00,2026-05-02T04:36:03-03:00,737,TH-WEGE3-bullish-11980,WEGE3,bullish,BULL_CALL_SPREAD,73.6673,4.0507,5.0827,"BBAS3,LREN3,WEGE3,BBDC4"
4035,2026-05-02T07:36:27+00:00,2026-05-02T04:36:27-03:00,738,TH-PRIO3-bullish-5386,PRIO3,bullish,BULL_CALL_SPREAD,72.5161,3.9218,5.4,"BBDC4,PRIO3,BBAS3,RENT3"
4038,2026-05-02T07:36:49+00:00,2026-05-02T04:36:49-03:00,739,TH-PRIO3-bullish-1072,PRIO3,bullish,BULL_CALL_SPREAD,72.5161,3.9218,5.4,"PRIO3,RAIL3,GGBR4,B3SA3"
4041,2026-05-02T07:37:28+00:00,2026-05-02T04:37:28-03:00,740,TH-PETR4-bullish-24877,PETR4,bullish,BULL_CALL_SPREAD,80.5787,4.8248,3.1405,"ITUB4,BBAS3,GGBR4,BPAC11,WEGE3,B3SA3,PETR4,VALE3"
4044,2026-05-02T07:37:49+00:00,2026-05-02T04:37:49-03:00,741,TH-HAPV3-bearish-5548,HAPV3,bearish,BEAR_PUT_SPREAD,72.3877,3.9074,5.2,"VALE3,HAPV3,SUZB3,ITUB4,VBBR3"
4047,2026-05-02T07:38:20+00:00,2026-05-02T04:38:20-03:00,742,TH-PETR4-bullish-10102,PETR4,bullish,BULL_CALL_SPREAD,80.5787,4.8248,3.1405,"RENT3,RAIL3,PETR4,SUZB3,RADL3,VALE3"
4050,2026-05-02T07:38:51+00:00,2026-05-02T04:38:51-03:00,743,TH-PETR4-bullish-9859,PETR4,bullish,BULL_CALL_SPREAD,80.5787,4.8248,3.1405,"B3SA3,ITUB4,PETR4,BPAC11,CMIG4,VBBR3"
4053,2026-05-02T07:39:18+00:00,2026-05-02T04:39:18-03:00,744,TH-PETR4-bullish-15246,PETR4,bullish,BULL_CALL_SPREAD,80.5787,4.8248,3.1405,"RENT3,LREN3,ABEV3,PETR4"
4056,2026-05-02T07:39:47+00:00,2026-05-02T04:39:47-03:00,745,TH-BPAC11-bullish-9112,BPAC11,bullish,BULL_CALL_SPREAD,71.3538,3.7916,-2.2,"BBDC4,VALE3,BPAC11,RADL3,JBSS3,B3SA3,ITUB4"
4059,2026-05-02T07:40:08+00:00,2026-05-02T04:40:08-03:00,746,TH-RAIL3-bullish-8570,RAIL3,bullish,BULL_CALL_SPREAD,70.2554,3.6686,5.4,"BBDC4,VALE3,RAIL3,ITUB4"
4062,2026-05-02T07:40:33+00:00,2026-05-02T04:40:33-03:00,747,TH-BPAC11-bullish-12242,BPAC11,bullish,BULL_CALL_SPREAD,71.3538,3.7916,-2.2,"RAIL3,RADL3,BBAS3,VBBR3,BPAC11,LREN3"
4065,2026-05-02T07:40:58+00:00,2026-05-02T04:40:58-03:00,748,TH-RAIL3-bullish-0023,RAIL3,bullish,BULL_CALL_SPREAD,70.2554,3.6686,5.4,"RAIL3,ABEV3,VBBR3,RADL3,LREN3,WEGE3"
4068,2026-05-02T07:41:36+00:00,2026-05-02T04:41:36-03:00,749,TH-PETR4-bullish-21104,PETR4,bullish,BULL_CALL_SPREAD,80.5787,4.8248,3.1405,"CMIG4,VALE3,HAPV3,PRIO3,WEGE3,PETR4,ITUB4,B3SA3"
4071,2026-05-02T07:42:07+00:00,2026-05-02T04:42:07-03:00,750,TH-HAPV3-bearish-17251,HAPV3,bearish,BEAR_PUT_SPREAD,72.3877,3.9074,5.2,"LREN3,ITUB4,ABEV3,WEGE3,HAPV3,BBAS3,CMIG4"
4074,2026-05-02T07:42:30+00:00,2026-05-02T04:42:30-03:00,751,TH-JBSS3-bullish-3202,JBSS3,bullish,BULL_CALL_SPREAD,71.172,3.7713,5.4,"B3SA3,JBSS3,WEGE3,VALE3,ABEV3"
4077,2026-05-02T07:42:53+00:00,2026-05-02T04:42:53-03:00,752,TH-BPAC11-bullish-14672,BPAC11,bullish,BULL_CALL_SPREAD,71.3538,3.7916,-2.2,"RAIL3,VALE3,CMIG4,ABEV3,BPAC11"
4080,2026-05-02T07:43:27+00:00,2026-05-02T04:43:27-03:00,753,TH-PETR4-bullish-13612,PETR4,bullish,BULL_CALL_SPREAD,80.5787,4.8248,3.1405,"B3SA3,LREN3,RADL3,PETR4,CMIG4,SUZB3"
4083,2026-05-02T07:44:02+00:00,2026-05-02T04:44:02-03:00,754,TH-SUZB3-bullish-16536,SUZB3,bullish,BULL_CALL_SPREAD,71.2861,3.784,-0.3576,"RADL3,BBAS3,JBSS3,LREN3,SUZB3,WEGE3,VBBR3,BBDC4"
4086,2026-05-02T07:44:22+00:00,2026-05-02T04:44:22-03:00,755,TH-HAPV3-bearish-2593,HAPV3,bearish,BEAR_PUT_SPREAD,72.3877,3.9074,5.2,"VBBR3,HAPV3,WEGE3,RADL3,SUZB3"
4089,2026-05-02T07:44:53+00:00,2026-05-02T04:44:53-03:00,756,TH-PRIO3-bullish-21343,PRIO3,bullish,BULL_CALL_SPREAD,72.5161,3.9218,5.4,"ITUB4,B3SA3,JBSS3,RADL3,HAPV3,GGBR4,PRIO3"
4092,2026-05-02T07:45:21+00:00,2026-05-02T04:45:21-03:00,757,TH-PRIO3-bullish-5336,PRIO3,bullish,BULL_CALL_SPREAD,72.5161,3.9218,5.4,"BBAS3,PRIO3,JBSS3,CMIG4,B3SA3,SUZB3"
4095,2026-05-02T07:45:56+00:00,2026-05-02T04:45:56-03:00,758,TH-PRIO3-bullish-6959,PRIO3,bullish,BULL_CALL_SPREAD,72.5161,3.9218,5.4,"HAPV3,RADL3,PRIO3,ITUB4,LREN3,WEGE3,SUZB3,GGBR4"
4098,2026-05-02T07:46:18+00:00,2026-05-02T04:46:18-03:00,759,TH-PRIO3-bullish-5295,PRIO3,bullish,BULL_CALL_SPREAD,72.5161,3.9218,5.4,"CMIG4,PRIO3,BBAS3,SUZB3"
4101,2026-05-02T07:46:47+00:00,2026-05-02T04:46:47-03:00,760,TH-HAPV3-bearish-1315,HAPV3,bearish,BEAR_PUT_SPREAD,72.3877,3.9074,5.2,"HAPV3,RAIL3,ABEV3,B3SA3,LREN3,BBAS3,VBBR3,BBDC4"
4104,2026-05-02T07:47:13+00:00,2026-05-02T04:47:13-03:00,761,TH-PETR4-bullish-7747,PETR4,bullish,BULL_CALL_SPREAD,80.5787,4.8248,3.1405,"VALE3,PETR4,WEGE3,SUZB3"
4107,2026-05-02T07:47:42+00:00,2026-05-02T04:47:42-03:00,762,TH-PETR4-bullish-3514,PETR4,bullish,BULL_CALL_SPREAD,80.5787,4.8248,3.1405,"PETR4,ITUB4,BBDC4,RENT3,B3SA3"
4110,2026-05-02T07:48:04+00:00,2026-05-02T04:48:04-03:00,763,TH-RENT3-bullish-0110,RENT3,bullish,BULL_CALL_SPREAD,70.5084,3.6969,-1.383,"RENT3,ABEV3,GGBR4,BBDC4"
4113,2026-05-02T07:48:23+00:00,2026-05-02T04:48:23-03:00,764,TH-HAPV3-bearish-5541,HAPV3,bearish,BEAR_PUT_SPREAD,72.3877,3.9074,5.2,"RENT3,HAPV3,LREN3,BPAC11"
4116,2026-05-02T07:48:54+00:00,2026-05-02T04:48:54-03:00,765,TH-HAPV3-bearish-5538,HAPV3,bearish,BEAR_PUT_SPREAD,72.3877,3.9074,5.2,"CMIG4,HAPV3,RADL3,VBBR3,ITUB4,RENT3,BPAC11,BBAS3"
4119,2026-05-02T07:49:18+00:00,2026-05-02T04:49:18-03:00,766,TH-GGBR4-bullish-6261,GGBR4,bullish,BULL_CALL_SPREAD,70.4848,3.6943,-2.2,"RADL3,RAIL3,GGBR4,CMIG4,BBAS3"
4122,2026-05-02T07:49:51+00:00,2026-05-02T04:49:51-03:00,767,TH-PRIO3-bullish-26138,PRIO3,bullish,BULL_CALL_SPREAD,72.5161,3.9218,5.4,"CMIG4,BPAC11,B3SA3,RADL3,WEGE3,RENT3,LREN3,PRIO3"
4125,2026-05-02T07:50:17+00:00,2026-05-02T04:50:17-03:00,768,TH-HAPV3-bearish-12140,HAPV3,bearish,BEAR_PUT_SPREAD,72.3877,3.9074,5.2,"BBAS3,BPAC11,GGBR4,HAPV3,LREN3,VALE3"
4128,2026-05-02T07:50:55+00:00,2026-05-02T04:50:55-03:00,769,TH-PETR4-bullish-28442,PETR4,bullish,BULL_CALL_SPREAD,80.5787,4.8248,3.1405,"BBDC4,SUZB3,RENT3,ABEV3,PRIO3,BBAS3,JBSS3,PETR4"
4131,2026-05-02T07:51:23+00:00,2026-05-02T04:51:23-03:00,770,TH-PETR4-bullish-13479,PETR4,bullish,BULL_CALL_SPREAD,80.5787,4.8248,3.1405,"LREN3,B3SA3,VBBR3,RAIL3,PETR4,RADL3"
4134,2026-05-02T07:51:46+00:00,2026-05-02T04:51:46-03:00,771,TH-JBSS3-bullish-1094,JBSS3,bullish,BULL_CALL_SPREAD,71.172,3.7713,5.4,"JBSS3,LREN3,BBDC4,VALE3"
4137,2026-05-02T07:52:12+00:00,2026-05-02T04:52:12-03:00,772,TH-JBSS3-bullish-17572,JBSS3,bullish,BULL_CALL_SPREAD,71.172,3.7713,5.4,"RADL3,VALE3,GGBR4,ITUB4,JBSS3"
4140,2026-05-02T07:52:33+00:00,2026-05-02T04:52:33-03:00,773,TH-BPAC11-bullish-10380,BPAC11,bullish,BULL_CALL_SPREAD,71.3538,3.7916,-2.2,"BBDC4,VBBR3,CMIG4,BPAC11,B3SA3"
4143,2026-05-02T07:52:56+00:00,2026-05-02T04:52:56-03:00,774,TH-HAPV3-bearish-1315,HAPV3,bearish,BEAR_PUT_SPREAD,72.3877,3.9074,5.2,"HAPV3,JBSS3,RENT3,BBAS3,ABEV3"
4146,2026-05-02T07:53:34+00:00,2026-05-02T04:53:34-03:00,775,TH-PETR4-bullish-6803,PETR4,bullish,BULL_CALL_SPREAD,80.5787,4.8248,3.1405,"ABEV3,PETR4,SUZB3,LREN3,ITUB4,WEGE3,RADL3,CMIG4"
4149,2026-05-02T07:54:00+00:00,2026-05-02T04:54:00-03:00,776,TH-PRIO3-bullish-14938,PRIO3,bullish,BULL_CALL_SPREAD,72.5161,3.9218,5.4,"JBSS3,B3SA3,VBBR3,BBDC4,RAIL3,PRIO3"
4152,2026-05-02T07:54:35+00:00,2026-05-02T04:54:35-03:00,777,TH-PETR4-bullish-5628,PETR4,bullish,BULL_CALL_SPREAD,80.5787,4.8248,3.1405,"HAPV3,PETR4,ITUB4,JBSS3,GGBR4,ABEV3,CMIG4"
4155,2026-05-02T07:55:03+00:00,2026-05-02T04:55:03-03:00,778,TH-BPAC11-bullish-21162,BPAC11,bullish,BULL_CALL_SPREAD,71.3538,3.7916,-2.2,"RAIL3,SUZB3,WEGE3,GGBR4,BBDC4,ABEV3,BPAC11"
4158,2026-05-02T07:55:35+00:00,2026-05-02T04:55:35-03:00,779,TH-PRIO3-bullish-19122,PRIO3,bullish,BULL_CALL_SPREAD,72.5161,3.9218,5.4,"ITUB4,CMIG4,ABEV3,WEGE3,B3SA3,PRIO3,LREN3"
4161,2026-05-02T07:56:04+00:00,2026-05-02T04:56:04-03:00,780,TH-PRIO3-bullish-1072,PRIO3,bullish,BULL_CALL_SPREAD,72.5161,3.9218,5.4,"PRIO3,WEGE3,RAIL3,ABEV3,ITUB4,HAPV3"
4164,2026-05-02T07:56:30+00:00,2026-05-02T04:56:30-03:00,781,TH-HAPV3-bearish-5119,HAPV3,bearish,BEAR_PUT_SPREAD,72.3877,3.9074,5.2,"JBSS3,HAPV3,RADL3,VBBR3,GGBR4"
4167,2026-05-02T07:57:02+00:00,2026-05-02T04:57:02-03:00,782,TH-PETR4-bullish-7740,PETR4,bullish,BULL_CALL_SPREAD,80.5787,4.8248,3.1405,"RENT3,PETR4,BPAC11,LREN3,BBDC4"
4170,2026-05-02T07:57:30+00:00,2026-05-02T04:57:30-03:00,783,TH-PETR4-bullish-6341,PETR4,bullish,BULL_CALL_SPREAD,80.5787,4.8248,3.1405,"PRIO3,PETR4,JBSS3,BBAS3"
4173,2026-05-02T07:57:52+00:00,2026-05-02T04:57:52-03:00,784,TH-HAPV3-bearish-11714,HAPV3,bearish,BEAR_PUT_SPREAD,72.3877,3.9074,5.2,"JBSS3,RAIL3,VALE3,HAPV3,VBBR3"
4176,2026-05-02T07:58:17+00:00,2026-05-02T04:58:17-03:00,785,TH-HAPV3-bearish-9589,HAPV3,bearish,BEAR_PUT_SPREAD,72.3877,3.9074,5.2,"JBSS3,RAIL3,B3SA3,HAPV3,RADL3,LREN3"
4179,2026-05-02T07:58:53+00:00,2026-05-02T04:58:53-03:00,786,TH-PETR4-bullish-28233,PETR4,bullish,BULL_CALL_SPREAD,80.5787,4.8248,3.1405,"ABEV3,LREN3,BPAC11,VALE3,RENT3,BBDC4,HAPV3,PETR4"
4182,2026-05-02T07:59:19+00:00,2026-05-02T04:59:19-03:00,787,TH-PETR4-bullish-15865,PETR4,bullish,BULL_CALL_SPREAD,80.5787,4.8248,3.1405,"RADL3,BBAS3,BBDC4,PETR4"
4185,2026-05-02T07:59:46+00:00,2026-05-02T04:59:46-03:00,788,TH-PRIO3-bullish-5307,PRIO3,bullish,BULL_CALL_SPREAD,72.5161,3.9218,5.4,"GGBR4,PRIO3,RENT3,BBDC4,JBSS3"
4188,2026-05-02T08:00:10+00:00,2026-05-02T05:00:10-03:00,789,TH-PRIO3-bullish-3276,PRIO3,bullish,BULL_CALL_SPREAD,72.5161,3.9218,5.4,"SUZB3,PRIO3,VALE3,GGBR4"
4191,2026-05-02T08:00:39+00:00,2026-05-02T05:00:39-03:00,790,TH-PRIO3-bullish-4361,PRIO3,bullish,BULL_CALL_SPREAD,72.5161,3.9218,5.4,"ABEV3,PRIO3,BPAC11,HAPV3,RAIL3,RENT3,GGBR4"
4194,2026-05-02T08:01:07+00:00,2026-05-02T05:01:07-03:00,791,TH-PRIO3-bullish-15881,PRIO3,bullish,BULL_CALL_SPREAD,72.5161,3.9218,5.4,"HAPV3,GGBR4,CMIG4,ITUB4,PRIO3,VBBR3"
4197,2026-05-02T08:01:34+00:00,2026-05-02T05:01:34-03:00,792,TH-BPAC11-bullish-3854,BPAC11,bullish,BULL_CALL_SPREAD,71.3538,3.7916,-2.2,"ABEV3,BPAC11,BBDC4,ITUB4,VALE3,WEGE3"
4200,2026-05-02T08:01:59+00:00,2026-05-02T05:01:59-03:00,793,TH-JBSS3-bullish-13167,JBSS3,bullish,BULL_CALL_SPREAD,71.172,3.7713,5.4,"RAIL3,ABEV3,B3SA3,BBDC4,JBSS3,RENT3"
4203,2026-05-02T08:02:35+00:00,2026-05-02T05:02:35-03:00,794,TH-PETR4-bullish-25373,PETR4,bullish,BULL_CALL_SPREAD,80.5787,4.8248,3.1405,"RADL3,HAPV3,BBAS3,ABEV3,WEGE3,RENT3,PETR4,SUZB3"
4206,2026-05-02T08:03:00+00:00,2026-05-02T05:03:00-03:00,795,TH-GGBR4-bullish-0126,GGBR4,bullish,BULL_CALL_SPREAD,70.4848,3.6943,-2.2,"GGBR4,RAIL3,RADL3,BBAS3,VBBR3"
4209,2026-05-02T08:03:29+00:00,2026-05-02T05:03:29-03:00,796,TH-PETR4-bullish-13289,PETR4,bullish,BULL_CALL_SPREAD,80.5787,4.8248,3.1405,"VBBR3,BBAS3,VALE3,PETR4,ITUB4"
4212,2026-05-02T08:03:56+00:00,2026-05-02T05:03:56-03:00,797,TH-SUZB3-bullish-4118,SUZB3,bullish,BULL_CALL_SPREAD,71.2861,3.784,-0.3576,"VBBR3,RAIL3,SUZB3,RENT3,RADL3,LREN3,CMIG4"
4215,2026-05-02T08:04:17+00:00,2026-05-02T05:04:17-03:00,798,TH-PRIO3-bullish-8976,PRIO3,bullish,BULL_CALL_SPREAD,72.5161,3.9218,5.4,"VBBR3,RAIL3,BBAS3,PRIO3"
4218,2026-05-02T08:04:42+00:00,2026-05-02T05:04:42-03:00,799,TH-HAPV3-bearish-3519,HAPV3,bearish,BEAR_PUT_SPREAD,72.3877,3.9074,5.2,"SUZB3,HAPV3,LREN3,RENT3,ITUB4,RAIL3"
4221,2026-05-02T08:05:01+00:00,2026-05-02T05:05:01-03:00,800,TH-JBSS3-bullish-1094,JBSS3,bullish,BULL_CALL_SPREAD,71.172,3.7713,5.4,"JBSS3,RENT3,RAIL3,B3SA3"
4224,2026-05-02T08:05:39+00:00,2026-05-02T05:05:39-03:00,801,TH-PETR4-bullish-7287,PETR4,bullish,BULL_CALL_SPREAD,80.5787,4.8248,3.1405,"RADL3,PETR4,JBSS3,ITUB4,RENT3,RAIL3,LREN3,ABEV3"
4227,2026-05-02T08:06:07+00:00,2026-05-02T05:06:07-03:00,802,TH-HAPV3-bearish-21592,HAPV3,bearish,BEAR_PUT_SPREAD,72.3877,3.9074,5.2,"WEGE3,ABEV3,BBDC4,LREN3,BBAS3,HAPV3"
4230,2026-05-02T08:06:33+00:00,2026-05-02T05:06:33-03:00,803,TH-PRIO3-bullish-9315,PRIO3,bullish,BULL_CALL_SPREAD,72.5161,3.9218,5.4,"B3SA3,RAIL3,RADL3,PRIO3,BBDC4,VBBR3"
4233,2026-05-02T08:07:01+00:00,2026-05-02T05:07:01-03:00,804,TH-JBSS3-bullish-15050,JBSS3,bullish,BULL_CALL_SPREAD,71.172,3.7713,5.4,"RENT3,LREN3,GGBR4,VBBR3,JBSS3,RADL3"
4236,2026-05-02T08:07:34+00:00,2026-05-02T05:07:34-03:00,805,TH-HAPV3-bearish-5579,HAPV3,bearish,BEAR_PUT_SPREAD,72.3877,3.9074,5.2,"BBAS3,HAPV3,GGBR4,B3SA3,RADL3,RENT3,VALE3,BBDC4"
4239,2026-05-02T08:07:54+00:00,2026-05-02T05:07:54-03:00,806,TH-B3SA3-bearish-0016,B3SA3,bearish,BEAR_PUT_SPREAD,70.2572,3.6688,4.1816,"B3SA3,RAIL3,LREN3,VBBR3,ABEV3"
4242,2026-05-02T08:08:31+00:00,2026-05-02T05:08:31-03:00,807,TH-PETR4-bullish-18429,PETR4,bullish,BULL_CALL_SPREAD,80.5787,4.8248,3.1405,"BBAS3,BBDC4,CMIG4,HAPV3,PETR4,WEGE3,RADL3"
4245,2026-05-02T08:08:55+00:00,2026-05-02T05:08:55-03:00,808,TH-BPAC11-bullish-9052,BPAC11,bullish,BULL_CALL_SPREAD,71.3538,3.7916,-2.2,"CMIG4,BBAS3,BPAC11,SUZB3,WEGE3"
4248,2026-05-02T08:09:15+00:00,2026-05-02T05:09:15-03:00,809,TH-B3SA3-bearish-8022,B3SA3,bearish,BEAR_PUT_SPREAD,70.2572,3.6688,4.1816,"VALE3,RADL3,B3SA3,WEGE3"
4251,2026-05-02T08:09:44+00:00,2026-05-02T05:09:44-03:00,810,TH-JBSS3-bullish-6145,JBSS3,bullish,BULL_CALL_SPREAD,71.172,3.7713,5.4,"VBBR3,RADL3,JBSS3,BBAS3,ITUB4,BBDC4"
4254,2026-05-02T08:10:10+00:00,2026-05-02T05:10:10-03:00,811,TH-BPAC11-bullish-14697,BPAC11,bullish,BULL_CALL_SPREAD,71.3538,3.7916,-2.2,"JBSS3,RAIL3,WEGE3,RADL3,BPAC11,LREN3"
4257,2026-05-02T08:10:44+00:00,2026-05-02T05:10:44-03:00,812,TH-PETR4-bullish-16076,PETR4,bullish,BULL_CALL_SPREAD,80.5787,4.8248,3.1405,"BBAS3,PRIO3,WEGE3,VBBR3,PETR4,RENT3"
4260,2026-05-02T08:11:18+00:00,2026-05-02T05:11:18-03:00,813,TH-PETR4-bullish-20313,PETR4,bullish,BULL_CALL_SPREAD,80.5787,4.8248,3.1405,"ABEV3,VALE3,RADL3,VBBR3,RENT3,PETR4,SUZB3"
4263,2026-05-02T08:11:45+00:00,2026-05-02T05:11:45-03:00,814,TH-SUZB3-bullish-4282,SUZB3,bullish,BULL_CALL_SPREAD,71.2861,3.784,-0.3576,"JBSS3,SUZB3,GGBR4,RADL3,RAIL3,RENT3"
4266,2026-05-02T08:12:17+00:00,2026-05-02T05:12:17-03:00,815,TH-PETR4-bullish-13908,PETR4,bullish,BULL_CALL_SPREAD,80.5787,4.8248,3.1405,"BBAS3,JBSS3,BPAC11,PETR4,WEGE3"
4269,2026-05-02T08:12:43+00:00,2026-05-02T05:12:43-03:00,816,TH-BPAC11-bullish-3951,BPAC11,bullish,BULL_CALL_SPREAD,71.3538,3.7916,-2.2,"VBBR3,B3SA3,BPAC11,VALE3,GGBR4,BBAS3"
4272,2026-05-02T08:13:20+00:00,2026-05-02T05:13:20-03:00,817,TH-PETR4-bullish-19872,PETR4,bullish,BULL_CALL_SPREAD,80.5787,4.8248,3.1405,"BBAS3,ITUB4,LREN3,RAIL3,VBBR3,PETR4,B3SA3,BBDC4"
4275,2026-05-02T08:13:43+00:00,2026-05-02T05:13:43-03:00,818,TH-PRIO3-bullish-1072,PRIO3,bullish,BULL_CALL_SPREAD,72.5161,3.9218,5.4,"PRIO3,ITUB4,LREN3,SUZB3"
4278,2026-05-02T08:14:09+00:00,2026-05-02T05:14:09-03:00,819,TH-SUZB3-bullish-13203,SUZB3,bullish,BULL_CALL_SPREAD,71.2861,3.784,-0.3576,"RENT3,BBAS3,GGBR4,SUZB3,VBBR3,RADL3"
4281,2026-05-02T08:14:41+00:00,2026-05-02T05:14:41-03:00,820,TH-PETR4-bullish-22877,PETR4,bullish,BULL_CALL_SPREAD,80.5787,4.8248,3.1405,"HAPV3,RAIL3,BBAS3,RENT3,WEGE3,SUZB3,PETR4"
4284,2026-05-02T08:15:08+00:00,2026-05-02T05:15:08-03:00,821,TH-PRIO3-bullish-15337,PRIO3,bullish,BULL_CALL_SPREAD,72.5161,3.9218,5.4,"BPAC11,BBDC4,VALE3,HAPV3,VBBR3,PRIO3"
4287,2026-05-02T08:15:45+00:00,2026-05-02T05:15:45-03:00,822,TH-PETR4-bullish-13649,PETR4,bullish,BULL_CALL_SPREAD,80.5787,4.8248,3.1405,"HAPV3,LREN3,JBSS3,PETR4,ITUB4,GGBR4,CMIG4,VALE3"
4290,2026-05-02T08:16:06+00:00,2026-05-02T05:16:06-03:00,823,TH-SUZB3-bullish-0478,SUZB3,bullish,BULL_CALL_SPREAD,71.2861,3.784,-0.3576,"SUZB3,RAIL3,B3SA3,WEGE3,RADL3"
4293,2026-05-02T08:16:44+00:00,2026-05-02T05:16:44-03:00,824,TH-PETR4-bullish-18110,PETR4,bullish,BULL_CALL_SPREAD,80.5787,4.8248,3.1405,"RAIL3,GGBR4,RENT3,RADL3,PETR4,VALE3,ITUB4,B3SA3"
4296,2026-05-02T08:17:11+00:00,2026-05-02T05:17:11-03:00,825,TH-BPAC11-bullish-16515,BPAC11,bullish,BULL_CALL_SPREAD,71.3538,3.7916,-2.2,"ABEV3,VALE3,GGBR4,WEGE3,BPAC11,ITUB4"
4299,2026-05-02T08:17:43+00:00,2026-05-02T05:17:43-03:00,826,TH-PETR4-bullish-18442,PETR4,bullish,BULL_CALL_SPREAD,80.5787,4.8248,3.1405,"ABEV3,RAIL3,RENT3,RADL3,VBBR3,PETR4,VALE3"
4302,2026-05-02T08:18:14+00:00,2026-05-02T05:18:14-03:00,827,TH-PRIO3-bullish-22511,PRIO3,bullish,BULL_CALL_SPREAD,72.5161,3.9218,5.4,"HAPV3,BPAC11,VALE3,GGBR4,BBDC4,LREN3,PRIO3"
4305,2026-05-02T08:18:47+00:00,2026-05-02T05:18:47-03:00,828,TH-PRIO3-bullish-14941,PRIO3,bullish,BULL_CALL_SPREAD,72.5161,3.9218,5.4,"ABEV3,ITUB4,B3SA3,GGBR4,PRIO3,SUZB3,BPAC11,BBDC4"
4308,2026-05-02T08:19:20+00:00,2026-05-02T05:19:20-03:00,829,TH-PETR4-bullish-25647,PETR4,bullish,BULL_CALL_SPREAD,80.5787,4.8248,3.1405,"RAIL3,HAPV3,RADL3,BBAS3,CMIG4,ABEV3,B3SA3,PETR4"
4311,2026-05-02T08:19:48+00:00,2026-05-02T05:19:48-03:00,830,TH-BPAC11-bullish-11129,BPAC11,bullish,BULL_CALL_SPREAD,71.3538,3.7916,-2.2,"CMIG4,VALE3,B3SA3,BPAC11,LREN3,BBAS3,VBBR3"
4314,2026-05-02T08:20:10+00:00,2026-05-02T05:20:10-03:00,831,TH-SUZB3-bullish-0478,SUZB3,bullish,BULL_CALL_SPREAD,71.2861,3.784,-0.3576,"SUZB3,RAIL3,VALE3,CMIG4,ABEV3"
4317,2026-05-02T08:20:32+00:00,2026-05-02T05:20:32-03:00,832,TH-SUZB3-bullish-8505,SUZB3,bullish,BULL_CALL_SPREAD,71.2861,3.784,-0.3576,"JBSS3,CMIG4,SUZB3,GGBR4,RAIL3"
4320,2026-05-02T08:20:56+00:00,2026-05-02T05:20:56-03:00,833,TH-JBSS3-bullish-8620,JBSS3,bullish,BULL_CALL_SPREAD,71.172,3.7713,5.4,"ITUB4,ABEV3,JBSS3,GGBR4,B3SA3"
4323,2026-05-02T08:21:32+00:00,2026-05-02T05:21:32-03:00,834,TH-PETR4-bullish-7751,PETR4,bullish,BULL_CALL_SPREAD,80.5787,4.8248,3.1405,"ITUB4,PETR4,WEGE3,PRIO3,GGBR4,SUZB3,BBAS3"
4326,2026-05-02T08:22:00+00:00,2026-05-02T05:22:00-03:00,835,TH-HAPV3-bearish-18664,HAPV3,bearish,BEAR_PUT_SPREAD,72.3877,3.9074,5.2,"GGBR4,RAIL3,BPAC11,VALE3,WEGE3,HAPV3,BBDC4"
4329,2026-05-02T08:22:36+00:00,2026-05-02T05:22:36-03:00,836,TH-PETR4-bullish-13917,PETR4,bullish,BULL_CALL_SPREAD,80.5787,4.8248,3.1405,"ITUB4,RAIL3,JBSS3,PETR4,BBDC4,GGBR4,VBBR3,VALE3"
4332,2026-05-02T08:23:07+00:00,2026-05-02T05:23:07-03:00,837,TH-BPAC11-bullish-9114,BPAC11,bullish,BULL_CALL_SPREAD,71.3538,3.7916,-2.2,"BBDC4,GGBR4,BPAC11,VALE3,JBSS3,LREN3,ITUB4"
4335,2026-05-02T08:23:42+00:00,2026-05-02T05:23:42-03:00,838,TH-BPAC11-bullish-9023,BPAC11,bullish,BULL_CALL_SPREAD,71.3538,3.7916,-2.2,"CMIG4,GGBR4,BPAC11,RENT3,BBDC4,LREN3,ITUB4,VALE3"
4338,2026-05-02T08:24:03+00:00,2026-05-02T05:24:03-03:00,839,TH-HAPV3-bearish-9822,HAPV3,bearish,BEAR_PUT_SPREAD,72.3877,3.9074,5.2,"BBDC4,WEGE3,HAPV3,CMIG4"
4341,2026-05-02T08:24:33+00:00,2026-05-02T05:24:33-03:00,840,TH-BPAC11-bullish-24261,BPAC11,bullish,BULL_CALL_SPREAD,71.3538,3.7916,-2.2,"BBAS3,VBBR3,RENT3,ABEV3,BBDC4,B3SA3,LREN3,BPAC11"
4344,2026-05-02T08:25:06+00:00,2026-05-02T05:25:06-03:00,841,TH-PRIO3-bullish-9140,PRIO3,bullish,BULL_CALL_SPREAD,72.5161,3.9218,5.4,"JBSS3,BBAS3,PRIO3,ABEV3,VBBR3,BPAC11,RENT3,ITUB4"
4347,2026-05-02T08:25:31+00:00,2026-05-02T05:25:31-03:00,842,TH-BPAC11-bullish-0565,BPAC11,bullish,BULL_CALL_SPREAD,71.3538,3.7916,-2.2,"BPAC11,CMIG4,WEGE3,RENT3,RAIL3,B3SA3"
4350,2026-05-02T08:26:07+00:00,2026-05-02T05:26:07-03:00,843,TH-PETR4-bullish-24747,PETR4,bullish,BULL_CALL_SPREAD,80.5787,4.8248,3.1405,"ITUB4,HAPV3,SUZB3,LREN3,RADL3,RAIL3,BPAC11,PETR4"
4353,2026-05-02T08:26:36+00:00,2026-05-02T05:26:36-03:00,844,TH-PRIO3-bullish-17940,PRIO3,bullish,BULL_CALL_SPREAD,72.5161,3.9218,5.4,"CMIG4,GGBR4,LREN3,WEGE3,PRIO3"
4356,2026-05-02T08:27:11+00:00,2026-05-02T05:27:11-03:00,845,TH-PETR4-bullish-14044,PETR4,bullish,BULL_CALL_SPREAD,80.5787,4.8248,3.1405,"CMIG4,HAPV3,WEGE3,PETR4,GGBR4,BBDC4,ITUB4"
4359,2026-05-02T08:27:40+00:00,2026-05-02T05:27:40-03:00,846,TH-PRIO3-bullish-4361,PRIO3,bullish,BULL_CALL_SPREAD,72.5161,3.9218,5.4,"ABEV3,PRIO3,RAIL3,CMIG4,B3SA3,RENT3,BPAC11"
4362,2026-05-02T08:27:59+00:00,2026-05-02T05:27:59-03:00,847,TH-BPAC11-bullish-9882,BPAC11,bullish,BULL_CALL_SPREAD,71.3538,3.7916,-2.2,"GGBR4,JBSS3,VBBR3,BPAC11"
4365,2026-05-02T08:28:31+00:00,2026-05-02T05:28:31-03:00,848,TH-SUZB3-bullish-6613,SUZB3,bullish,BULL_CALL_SPREAD,71.2861,3.784,-0.3576,"RAIL3,RADL3,SUZB3,CMIG4,JBSS3,WEGE3,GGBR4,BBAS3"
4368,2026-05-02T08:28:55+00:00,2026-05-02T05:28:55-03:00,849,TH-JBSS3-bullish-1094,JBSS3,bullish,BULL_CALL_SPREAD,71.172,3.7713,5.4,"JBSS3,CMIG4,RENT3,BBDC4,LREN3"
4371,2026-05-02T08:29:23+00:00,2026-05-02T05:29:23-03:00,850,TH-BPAC11-bullish-0565,BPAC11,bullish,BULL_CALL_SPREAD,71.3538,3.7916,-2.2,"BPAC11,LREN3,VALE3,RADL3,BBAS3,JBSS3"
4374,2026-05-02T08:29:47+00:00,2026-05-02T05:29:47-03:00,851,TH-HAPV3-bearish-17045,HAPV3,bearish,BEAR_PUT_SPREAD,72.3877,3.9074,5.2,"JBSS3,BBDC4,RENT3,VBBR3,B3SA3,HAPV3"
4377,2026-05-02T08:30:22+00:00,2026-05-02T05:30:22-03:00,852,TH-PETR4-bullish-22279,PETR4,bullish,BULL_CALL_SPREAD,80.5787,4.8248,3.1405,"BPAC11,RENT3,LREN3,CMIG4,RADL3,PETR4,ABEV3"
4380,2026-05-02T08:30:48+00:00,2026-05-02T05:30:48-03:00,853,TH-PETR4-bullish-11942,PETR4,bullish,BULL_CALL_SPREAD,80.5787,4.8248,3.1405,"GGBR4,WEGE3,PETR4,BBAS3"
4383,2026-05-02T08:31:19+00:00,2026-05-02T05:31:19-03:00,854,TH-JBSS3-bullish-22247,JBSS3,bullish,BULL_CALL_SPREAD,71.172,3.7713,5.4,"ITUB4,VALE3,WEGE3,RENT3,BBAS3,JBSS3"
4386,2026-05-02T08:31:52+00:00,2026-05-02T05:31:52-03:00,855,TH-PETR4-bullish-24910,PETR4,bullish,BULL_CALL_SPREAD,80.5787,4.8248,3.1405,"BBAS3,RADL3,VBBR3,RAIL3,ABEV3,SUZB3,RENT3,PETR4"
4389,2026-05-02T08:32:28+00:00,2026-05-02T05:32:28-03:00,856,TH-PETR4-bullish-25156,PETR4,bullish,BULL_CALL_SPREAD,80.5787,4.8248,3.1405,"JBSS3,GGBR4,BPAC11,LREN3,VALE3,PRIO3,PETR4"
4392,2026-05-02T08:32:49+00:00,2026-05-02T05:32:49-03:00,857,TH-HAPV3-bearish-1315,HAPV3,bearish,BEAR_PUT_SPREAD,72.3877,3.9074,5.2,"HAPV3,BBAS3,BBDC4,B3SA3,VBBR3"
4395,2026-05-02T08:33:27+00:00,2026-05-02T05:33:27-03:00,858,TH-PETR4-bullish-6341,PETR4,bullish,BULL_CALL_SPREAD,80.5787,4.8248,3.1405,"PRIO3,PETR4,WEGE3,BPAC11,VALE3,BBDC4,HAPV3,VBBR3"
4398,2026-05-02T08:34:02+00:00,2026-05-02T05:34:02-03:00,859,TH-PRIO3-bullish-1072,PRIO3,bullish,BULL_CALL_SPREAD,72.5161,3.9218,5.4,"PRIO3,VALE3,LREN3,WEGE3,JBSS3,BBAS3,ITUB4,B3SA3"
4401,2026-05-02T08:34:41+00:00,2026-05-02T05:34:41-03:00,860,TH-PETR4-bullish-28222,PETR4,bullish,BULL_CALL_SPREAD,80.5787,4.8248,3.1405,"ABEV3,B3SA3,JBSS3,PRIO3,BBAS3,CMIG4,WEGE3,PETR4"
4404,2026-05-02T08:35:12+00:00,2026-05-02T05:35:12-03:00,861,TH-PETR4-bullish-10093,PETR4,bullish,BULL_CALL_SPREAD,80.5787,4.8248,3.1405,"RAIL3,LREN3,PETR4,ABEV3,BBDC4,VALE3"
4407,2026-05-02T08:35:37+00:00,2026-05-02T05:35:37-03:00,862,TH-B3SA3-bearish-13971,B3SA3,bearish,BEAR_PUT_SPREAD,70.2572,3.6688,4.1816,"CMIG4,VBBR3,ITUB4,LREN3,B3SA3,RAIL3"
4410,2026-05-02T08:36:19+00:00,2026-05-02T05:36:19-03:00,863,TH-PETR4-bullish-14840,PETR4,bullish,BULL_CALL_SPREAD,80.5787,4.8248,3.1405,"GGBR4,PRIO3,BBAS3,PETR4,ABEV3,BBDC4"
4413,2026-05-02T08:36:50+00:00,2026-05-02T05:36:50-03:00,864,TH-SUZB3-bullish-15615,SUZB3,bullish,BULL_CALL_SPREAD,71.2861,3.784,-0.3576,"RENT3,BBDC4,RAIL3,GGBR4,SUZB3,VALE3"
4416,2026-05-02T08:37:11+00:00,2026-05-02T05:37:11-03:00,865,TH-HAPV3-bearish-3641,HAPV3,bearish,BEAR_PUT_SPREAD,72.3877,3.9074,5.2,"BPAC11,HAPV3,ABEV3,BBDC4"
4419,2026-05-02T08:37:29+00:00,2026-05-02T05:37:29-03:00,866,TH-B3SA3-bearish-0016,B3SA3,bearish,BEAR_PUT_SPREAD,70.2572,3.6688,4.1816,"B3SA3,RAIL3,RADL3,VBBR3"
4422,2026-05-02T08:37:52+00:00,2026-05-02T05:37:52-03:00,867,TH-GGBR4-bullish-11916,GGBR4,bullish,BULL_CALL_SPREAD,70.4848,3.6943,-2.2,"ITUB4,ABEV3,BBAS3,GGBR4"
4425,2026-05-02T08:38:26+00:00,2026-05-02T05:38:26-03:00,868,TH-PETR4-bullish-16424,PETR4,bullish,BULL_CALL_SPREAD,80.5787,4.8248,3.1405,"RAIL3,B3SA3,LREN3,CMIG4,PETR4,HAPV3,RADL3"
4428,2026-05-02T08:38:55+00:00,2026-05-02T05:38:55-03:00,869,TH-PRIO3-bullish-15963,PRIO3,bullish,BULL_CALL_SPREAD,72.5161,3.9218,5.4,"BBDC4,HAPV3,ITUB4,RENT3,PRIO3,BBAS3"
4431,2026-05-02T08:39:28+00:00,2026-05-02T05:39:28-03:00,870,TH-HAPV3-bearish-22619,HAPV3,bearish,BEAR_PUT_SPREAD,72.3877,3.9074,5.2,"BBDC4,B3SA3,RENT3,GGBR4,LREN3,SUZB3,HAPV3,BBAS3"
4434,2026-05-02T08:39:57+00:00,2026-05-02T05:39:57-03:00,871,TH-PETR4-bullish-3514,PETR4,bullish,BULL_CALL_SPREAD,80.5787,4.8248,3.1405,"PETR4,VBBR3,SUZB3,BPAC11,RAIL3,PRIO3"
4437,2026-05-02T08:40:18+00:00,2026-05-02T05:40:18-03:00,872,TH-HAPV3-bearish-5579,HAPV3,bearish,BEAR_PUT_SPREAD,72.3877,3.9074,5.2,"BBAS3,HAPV3,VBBR3,VALE3"
4440,2026-05-02T08:40:42+00:00,2026-05-02T05:40:42-03:00,873,TH-HAPV3-bearish-13912,HAPV3,bearish,BEAR_PUT_SPREAD,72.3877,3.9074,5.2,"ABEV3,RENT3,VBBR3,JBSS3,HAPV3,RAIL3"
4443,2026-05-02T08:41:03+00:00,2026-05-02T05:41:03-03:00,874,TH-PRIO3-bullish-1072,PRIO3,bullish,BULL_CALL_SPREAD,72.5161,3.9218,5.4,"PRIO3,ITUB4,SUZB3,VBBR3"
4446,2026-05-02T08:41:33+00:00,2026-05-02T05:41:33-03:00,875,TH-PRIO3-bullish-19929,PRIO3,bullish,BULL_CALL_SPREAD,72.5161,3.9218,5.4,"JBSS3,VALE3,GGBR4,CMIG4,RAIL3,PRIO3"
4449,2026-05-02T08:42:07+00:00,2026-05-02T05:42:07-03:00,876,TH-HAPV3-bearish-1315,HAPV3,bearish,BEAR_PUT_SPREAD,72.3877,3.9074,5.2,"HAPV3,LREN3,VALE3,RADL3,JBSS3,RENT3,B3SA3,BBAS3"
4452,2026-05-02T08:42:41+00:00,2026-05-02T05:42:41-03:00,877,TH-PETR4-bullish-7990,PETR4,bullish,BULL_CALL_SPREAD,80.5787,4.8248,3.1405,"HAPV3,RAIL3,PETR4,LREN3,RADL3,ITUB4,SUZB3,VBBR3"
4455,2026-05-02T08:43:14+00:00,2026-05-02T05:43:14-03:00,878,TH-PETR4-bullish-3514,PETR4,bullish,BULL_CALL_SPREAD,80.5787,4.8248,3.1405,"PETR4,CMIG4,BBDC4,RENT3,SUZB3,GGBR4"
4458,2026-05-02T08:43:39+00:00,2026-05-02T05:43:39-03:00,879,TH-B3SA3-bearish-10388,B3SA3,bearish,BEAR_PUT_SPREAD,70.2572,3.6688,4.1816,"RAIL3,ITUB4,RADL3,B3SA3,BBAS3"
4461,2026-05-02T08:44:10+00:00,2026-05-02T05:44:10-03:00,880,TH-HAPV3-bearish-20883,HAPV3,bearish,BEAR_PUT_SPREAD,72.3877,3.9074,5.2,"RENT3,LREN3,RAIL3,BPAC11,SUZB3,VALE3,HAPV3"
4464,2026-05-02T08:44:43+00:00,2026-05-02T05:44:43-03:00,881,TH-PRIO3-bullish-1072,PRIO3,bullish,BULL_CALL_SPREAD,72.5161,3.9218,5.4,"PRIO3,VALE3,ABEV3,RADL3,BBAS3,HAPV3,ITUB4"
4467,2026-05-02T08:45:22+00:00,2026-05-02T05:45:22-03:00,882,TH-PETR4-bullish-12065,PETR4,bullish,BULL_CALL_SPREAD,80.5787,4.8248,3.1405,"ITUB4,BBDC4,PETR4,ABEV3,GGBR4,CMIG4,SUZB3"
4470,2026-05-02T08:45:46+00:00,2026-05-02T05:45:46-03:00,883,TH-BPAC11-bullish-6910,BPAC11,bullish,BULL_CALL_SPREAD,71.3538,3.7916,-2.2,"B3SA3,ITUB4,BPAC11,CMIG4"
4473,2026-05-02T08:46:24+00:00,2026-05-02T05:46:24-03:00,884,TH-PETR4-bullish-16256,PETR4,bullish,BULL_CALL_SPREAD,80.5787,4.8248,3.1405,"BBDC4,WEGE3,GGBR4,PETR4,RADL3,ABEV3"
4476,2026-05-02T08:47:02+00:00,2026-05-02T05:47:02-03:00,885,TH-PETR4-bullish-20011,PETR4,bullish,BULL_CALL_SPREAD,80.5787,4.8248,3.1405,"ITUB4,VALE3,JBSS3,CMIG4,PETR4,HAPV3,LREN3,BPAC11"
4479,2026-05-02T08:47:21+00:00,2026-05-02T05:47:21-03:00,886,TH-HAPV3-bearish-8408,HAPV3,bearish,BEAR_PUT_SPREAD,72.3877,3.9074,5.2,"ABEV3,JBSS3,HAPV3,B3SA3"
4482,2026-05-02T08:47:55+00:00,2026-05-02T05:47:55-03:00,887,TH-PRIO3-bullish-23826,PRIO3,bullish,BULL_CALL_SPREAD,72.5161,3.9218,5.4,"BPAC11,BBAS3,CMIG4,VBBR3,SUZB3,RENT3,VALE3,PRIO3"
4485,2026-05-02T08:48:24+00:00,2026-05-02T05:48:24-03:00,888,TH-PRIO3-bullish-20872,PRIO3,bullish,BULL_CALL_SPREAD,72.5161,3.9218,5.4,"B3SA3,RADL3,VALE3,ABEV3,WEGE3,SUZB3,PRIO3"
4488,2026-05-02T08:48:43+00:00,2026-05-02T05:48:43-03:00,889,TH-SUZB3-bullish-7891,SUZB3,bullish,BULL_CALL_SPREAD,71.2861,3.784,-0.3576,"RAIL3,VBBR3,RADL3,SUZB3"
4491,2026-05-02T08:49:08+00:00,2026-05-02T05:49:08-03:00,890,TH-JBSS3-bullish-14597,JBSS3,bullish,BULL_CALL_SPREAD,71.172,3.7713,5.4,"GGBR4,LREN3,VBBR3,RADL3,JBSS3"
4494,2026-05-02T08:49:32+00:00,2026-05-02T05:49:32-03:00,891,TH-BPAC11-bullish-11268,BPAC11,bullish,BULL_CALL_SPREAD,71.3538,3.7916,-2.2,"SUZB3,BBAS3,GGBR4,BPAC11,B3SA3,LREN3"
4497,2026-05-02T08:50:11+00:00,2026-05-02T05:50:11-03:00,892,TH-PETR4-bullish-20746,PETR4,bullish,BULL_CALL_SPREAD,80.5787,4.8248,3.1405,"PRIO3,GGBR4,WEGE3,SUZB3,RADL3,PETR4,CMIG4,HAPV3"
4500,2026-05-02T08:50:41+00:00,2026-05-02T05:50:41-03:00,893,TH-PETR4-bullish-12045,PETR4,bullish,BULL_CALL_SPREAD,80.5787,4.8248,3.1405,"BBDC4,LREN3,PETR4,GGBR4,WEGE3"
4503,2026-05-02T08:51:21+00:00,2026-05-02T05:51:21-03:00,894,TH-PETR4-bullish-23839,PETR4,bullish,BULL_CALL_SPREAD,80.5787,4.8248,3.1405,"LREN3,BBAS3,B3SA3,CMIG4,GGBR4,VBBR3,PETR4,PRIO3"
4506,2026-05-02T08:51:49+00:00,2026-05-02T05:51:49-03:00,895,TH-PETR4-bullish-7154,PETR4,bullish,BULL_CALL_SPREAD,80.5787,4.8248,3.1405,"VBBR3,RAIL3,PETR4,BPAC11,JBSS3,ABEV3"
4509,2026-05-02T08:52:21+00:00,2026-05-02T05:52:21-03:00,896,TH-SUZB3-bullish-14080,SUZB3,bullish,BULL_CALL_SPREAD,71.2861,3.784,-0.3576,"RADL3,VBBR3,ITUB4,BBDC4,SUZB3,RAIL3,CMIG4"
4512,2026-05-02T08:52:49+00:00,2026-05-02T05:52:49-03:00,897,TH-PETR4-bullish-16506,PETR4,bullish,BULL_CALL_SPREAD,80.5787,4.8248,3.1405,"VALE3,RAIL3,SUZB3,WEGE3,PETR4"
4515,2026-05-02T08:53:17+00:00,2026-05-02T05:53:17-03:00,898,TH-PETR4-bullish-9857,PETR4,bullish,BULL_CALL_SPREAD,80.5787,4.8248,3.1405,"B3SA3,GGBR4,PETR4,LREN3"
4518,2026-05-02T08:53:40+00:00,2026-05-02T05:53:40-03:00,899,TH-JBSS3-bullish-13747,JBSS3,bullish,BULL_CALL_SPREAD,71.172,3.7713,5.4,"ITUB4,WEGE3,CMIG4,JBSS3"
4521,2026-05-02T08:54:04+00:00,2026-05-02T05:54:04-03:00,900,TH-RENT3-bullish-0110,RENT3,bullish,BULL_CALL_SPREAD,70.5084,3.6969,-1.383,"RENT3,GGBR4,LREN3,CMIG4"
4524,2026-05-02T08:54:37+00:00,2026-05-02T05:54:37-03:00,901,TH-PETR4-bullish-18490,PETR4,bullish,BULL_CALL_SPREAD,80.5787,4.8248,3.1405,"HAPV3,WEGE3,B3SA3,BPAC11,GGBR4,PETR4,VBBR3,SUZB3"
4527,2026-05-02T08:54:58+00:00,2026-05-02T05:54:58-03:00,902,TH-BPAC11-bullish-0565,BPAC11,bullish,BULL_CALL_SPREAD,71.3538,3.7916,-2.2,"BPAC11,WEGE3,BBAS3,RADL3"
4530,2026-05-02T08:55:18+00:00,2026-05-02T05:55:18-03:00,903,TH-RENT3-bullish-6665,RENT3,bullish,BULL_CALL_SPREAD,70.5084,3.6969,-1.383,"RAIL3,WEGE3,RENT3,VBBR3"
4533,2026-05-02T08:55:51+00:00,2026-05-02T05:55:51-03:00,904,TH-HAPV3-bearish-5629,HAPV3,bearish,BEAR_PUT_SPREAD,72.3877,3.9074,5.2,"BBDC4,HAPV3,BBAS3,WEGE3,GGBR4,RADL3,CMIG4,B3SA3"
4536,2026-05-02T08:56:19+00:00,2026-05-02T05:56:19-03:00,905,TH-PETR4-bullish-16258,PETR4,bullish,BULL_CALL_SPREAD,80.5787,4.8248,3.1405,"BBDC4,WEGE3,ITUB4,PETR4"
4539,2026-05-02T08:56:58+00:00,2026-05-02T05:56:58-03:00,906,TH-PRIO3-bullish-11850,PRIO3,bullish,BULL_CALL_SPREAD,72.5161,3.9218,5.4,"WEGE3,CMIG4,RAIL3,PRIO3,SUZB3,RADL3,RENT3,BBDC4"
4542,2026-05-02T08:57:21+00:00,2026-05-02T05:57:21-03:00,907,TH-HAPV3-bearish-12146,HAPV3,bearish,BEAR_PUT_SPREAD,72.3877,3.9074,5.2,"SUZB3,WEGE3,B3SA3,BPAC11,HAPV3,CMIG4"
4545,2026-05-02T08:57:40+00:00,2026-05-02T05:57:40-03:00,908,TH-SUZB3-bullish-1756,SUZB3,bullish,BULL_CALL_SPREAD,71.2861,3.784,-0.3576,"VBBR3,SUZB3,WEGE3,B3SA3"
4548,2026-05-02T08:58:14+00:00,2026-05-02T05:58:14-03:00,909,TH-PRIO3-bullish-20526,PRIO3,bullish,BULL_CALL_SPREAD,72.5161,3.9218,5.4,"ABEV3,GGBR4,SUZB3,RENT3,HAPV3,B3SA3,VBBR3,PRIO3"
4551,2026-05-02T08:58:38+00:00,2026-05-02T05:58:38-03:00,910,TH-JBSS3-bullish-3202,JBSS3,bullish,BULL_CALL_SPREAD,71.172,3.7713,5.4,"B3SA3,JBSS3,VALE3,BBAS3"
4554,2026-05-02T08:59:05+00:00,2026-05-02T05:59:05-03:00,911,TH-BPAC11-bullish-13219,BPAC11,bullish,BULL_CALL_SPREAD,71.3538,3.7916,-2.2,"BBDC4,ABEV3,RADL3,VBBR3,BPAC11,BBAS3"
4557,2026-05-02T08:59:36+00:00,2026-05-02T05:59:36-03:00,912,TH-BPAC11-bullish-17455,BPAC11,bullish,BULL_CALL_SPREAD,71.3538,3.7916,-2.2,"ITUB4,RAIL3,BBDC4,RADL3,SUZB3,BPAC11,VALE3,VBBR3"
4560,2026-05-02T09:00:08+00:00,2026-05-02T06:00:08-03:00,913,TH-PETR4-bullish-14265,PETR4,bullish,BULL_CALL_SPREAD,80.5787,4.8248,3.1405,"BBDC4,VALE3,SUZB3,PETR4,VBBR3,WEGE3"
4563,2026-05-02T09:00:31+00:00,2026-05-02T06:00:31-03:00,914,TH-PRIO3-bullish-11275,PRIO3,bullish,BULL_CALL_SPREAD,72.5161,3.9218,5.4,"RENT3,RADL3,SUZB3,PRIO3"
4566,2026-05-02T09:01:07+00:00,2026-05-02T06:01:07-03:00,915,TH-RENT3-bullish-0110,RENT3,bullish,BULL_CALL_SPREAD,70.5084,3.6969,-1.383,"RENT3,VBBR3,BBDC4,LREN3,CMIG4,VALE3,BBAS3,ABEV3"
4569,2026-05-02T09:01:43+00:00,2026-05-02T06:01:43-03:00,916,TH-PETR4-bullish-18146,PETR4,bullish,BULL_CALL_SPREAD,80.5787,4.8248,3.1405,"RAIL3,BBAS3,RADL3,VALE3,PETR4,ITUB4,LREN3"
4572,2026-05-02T09:02:16+00:00,2026-05-02T06:02:16-03:00,917,TH-PRIO3-bullish-1072,PRIO3,bullish,BULL_CALL_SPREAD,72.5161,3.9218,5.4,"PRIO3,LREN3,JBSS3,ABEV3,BBDC4,WEGE3,VBBR3"
4575,2026-05-02T09:02:45+00:00,2026-05-02T06:02:45-03:00,918,TH-SUZB3-bullish-8515,SUZB3,bullish,BULL_CALL_SPREAD,71.2861,3.784,-0.3576,"RADL3,BBAS3,SUZB3,B3SA3,GGBR4,RENT3,JBSS3"
4578,2026-05-02T09:03:09+00:00,2026-05-02T06:03:09-03:00,919,TH-SUZB3-bullish-4282,SUZB3,bullish,BULL_CALL_SPREAD,71.2861,3.784,-0.3576,"JBSS3,SUZB3,CMIG4,RADL3,RENT3"
4581,2026-05-02T09:03:35+00:00,2026-05-02T06:03:35-03:00,920,TH-PRIO3-bullish-1072,PRIO3,bullish,BULL_CALL_SPREAD,72.5161,3.9218,5.4,"PRIO3,BBAS3,ABEV3,WEGE3,HAPV3"
4584,2026-05-02T09:04:13+00:00,2026-05-02T06:04:13-03:00,921,TH-PETR4-bullish-28637,PETR4,bullish,BULL_CALL_SPREAD,80.5787,4.8248,3.1405,"SUZB3,ITUB4,BBAS3,B3SA3,BBDC4,RADL3,CMIG4,PETR4"
4587,2026-05-02T09:04:47+00:00,2026-05-02T06:04:47-03:00,922,TH-BPAC11-bullish-19741,BPAC11,bullish,BULL_CALL_SPREAD,71.3538,3.7916,-2.2,"LREN3,RENT3,JBSS3,VBBR3,RAIL3,ABEV3,BPAC11,ITUB4"
4590,2026-05-02T09:05:23+00:00,2026-05-02T06:05:23-03:00,923,TH-PETR4-bullish-3514,PETR4,bullish,BULL_CALL_SPREAD,80.5787,4.8248,3.1405,"PETR4,ITUB4,VBBR3,PRIO3,VALE3,CMIG4,B3SA3"
4593,2026-05-02T09:05:52+00:00,2026-05-02T06:05:52-03:00,924,TH-PETR4-bullish-17902,PETR4,bullish,BULL_CALL_SPREAD,80.5787,4.8248,3.1405,"ITUB4,HAPV3,BBAS3,RADL3,PETR4"
4596,2026-05-02T09:06:22+00:00,2026-05-02T06:06:22-03:00,925,TH-BPAC11-bullish-12839,BPAC11,bullish,BULL_CALL_SPREAD,71.3538,3.7916,-2.2,"ITUB4,VALE3,JBSS3,BPAC11,WEGE3,RENT3,VBBR3"
4599,2026-05-02T09:06:43+00:00,2026-05-02T06:06:43-03:00,926,TH-HAPV3-bearish-13966,HAPV3,bearish,BEAR_PUT_SPREAD,72.3877,3.9074,5.2,"GGBR4,WEGE3,CMIG4,HAPV3"
4602,2026-05-02T09:07:17+00:00,2026-05-02T06:07:17-03:00,927,TH-JBSS3-bullish-5287,JBSS3,bullish,BULL_CALL_SPREAD,71.172,3.7713,5.4,"WEGE3,JBSS3,VALE3,B3SA3,ITUB4,BBDC4,GGBR4,VBBR3"
4605,2026-05-02T09:07:50+00:00,2026-05-02T06:07:50-03:00,928,TH-PETR4-bullish-14338,PETR4,bullish,BULL_CALL_SPREAD,80.5787,4.8248,3.1405,"JBSS3,PRIO3,WEGE3,PETR4,LREN3,BPAC11"
4608,2026-05-02T09:08:15+00:00,2026-05-02T06:08:15-03:00,929,TH-SUZB3-bullish-4695,SUZB3,bullish,BULL_CALL_SPREAD,71.2861,3.784,-0.3576,"LREN3,SUZB3,BBDC4,ABEV3,WEGE3"
4611,2026-05-02T09:08:42+00:00,2026-05-02T06:08:42-03:00,930,TH-HAPV3-bearish-14059,HAPV3,bearish,BEAR_PUT_SPREAD,72.3877,3.9074,5.2,"WEGE3,ITUB4,BBDC4,HAPV3,B3SA3,RADL3"
4614,2026-05-02T09:09:06+00:00,2026-05-02T06:09:06-03:00,931,TH-SUZB3-bullish-15635,SUZB3,bullish,BULL_CALL_SPREAD,71.2861,3.784,-0.3576,"LREN3,BBAS3,BBDC4,RAIL3,SUZB3"
4617,2026-05-02T09:09:40+00:00,2026-05-02T06:09:40-03:00,932,TH-JBSS3-bullish-7229,JBSS3,bullish,BULL_CALL_SPREAD,71.172,3.7713,5.4,"RAIL3,RADL3,JBSS3,ABEV3,BBAS3,ITUB4,VALE3,RENT3"
4620,2026-05-02T09:10:16+00:00,2026-05-02T06:10:16-03:00,933,TH-PETR4-bullish-3514,PETR4,bullish,BULL_CALL_SPREAD,80.5787,4.8248,3.1405,"PETR4,ABEV3,WEGE3,LREN3,RENT3,HAPV3,VBBR3,RAIL3"
4623,2026-05-02T09:10:39+00:00,2026-05-02T06:10:39-03:00,934,TH-HAPV3-bearish-9345,HAPV3,bearish,BEAR_PUT_SPREAD,72.3877,3.9074,5.2,"RENT3,JBSS3,HAPV3,SUZB3,RADL3"
4626,2026-05-02T09:11:04+00:00,2026-05-02T06:11:04-03:00,935,TH-PRIO3-bullish-11133,PRIO3,bullish,BULL_CALL_SPREAD,72.5161,3.9218,5.4,"SUZB3,LREN3,VBBR3,RAIL3,PRIO3,ABEV3"
4629,2026-05-02T09:11:39+00:00,2026-05-02T06:11:39-03:00,936,TH-PRIO3-bullish-9279,PRIO3,bullish,BULL_CALL_SPREAD,72.5161,3.9218,5.4,"BPAC11,RADL3,B3SA3,PRIO3,GGBR4,BBAS3,RAIL3,ITUB4"
4632,2026-05-02T09:12:09+00:00,2026-05-02T06:12:09-03:00,937,TH-BPAC11-bullish-9055,BPAC11,bullish,BULL_CALL_SPREAD,71.3538,3.7916,-2.2,"RENT3,BBAS3,BPAC11,VALE3,RADL3,ABEV3,BBDC4"
4635,2026-05-02T09:12:37+00:00,2026-05-02T06:12:37-03:00,938,TH-PRIO3-bullish-13964,PRIO3,bullish,BULL_CALL_SPREAD,72.5161,3.9218,5.4,"HAPV3,RAIL3,CMIG4,WEGE3,PRIO3,JBSS3"
4638,2026-05-02T09:13:02+00:00,2026-05-02T06:13:02-03:00,939,TH-JBSS3-bullish-9884,JBSS3,bullish,BULL_CALL_SPREAD,71.172,3.7713,5.4,"VBBR3,CMIG4,ABEV3,JBSS3,LREN3"
4641,2026-05-02T09:13:28+00:00,2026-05-02T06:13:28-03:00,940,TH-PRIO3-bullish-1072,PRIO3,bullish,BULL_CALL_SPREAD,72.5161,3.9218,5.4,"PRIO3,WEGE3,BBAS3,LREN3"
4644,2026-05-02T09:14:01+00:00,2026-05-02T06:14:01-03:00,941,TH-PRIO3-bullish-7746,PRIO3,bullish,BULL_CALL_SPREAD,72.5161,3.9218,5.4,"B3SA3,SUZB3,RAIL3,PRIO3,WEGE3,HAPV3,VALE3,LREN3"
4647,2026-05-02T09:14:23+00:00,2026-05-02T06:14:23-03:00,942,TH-HAPV3-bearish-9775,HAPV3,bearish,BEAR_PUT_SPREAD,72.3877,3.9074,5.2,"ITUB4,CMIG4,HAPV3,JBSS3"
4650,2026-05-02T09:14:57+00:00,2026-05-02T06:14:57-03:00,943,TH-PETR4-bullish-3514,PETR4,bullish,BULL_CALL_SPREAD,80.5787,4.8248,3.1405,"PETR4,RENT3,VALE3,ABEV3,ITUB4,BBAS3"
4653,2026-05-02T09:15:21+00:00,2026-05-02T06:15:21-03:00,944,TH-PRIO3-bullish-5298,PRIO3,bullish,BULL_CALL_SPREAD,72.5161,3.9218,5.4,"RENT3,PRIO3,JBSS3,B3SA3,VBBR3"
4656,2026-05-02T09:15:45+00:00,2026-05-02T06:15:45-03:00,945,TH-HAPV3-bearish-7737,HAPV3,bearish,BEAR_PUT_SPREAD,72.3877,3.9074,5.2,"B3SA3,BBDC4,HAPV3,LREN3,RENT3"
4659,2026-05-02T09:16:19+00:00,2026-05-02T06:16:19-03:00,946,TH-PETR4-bullish-3514,PETR4,bullish,BULL_CALL_SPREAD,80.5787,4.8248,3.1405,"PETR4,HAPV3,PRIO3,SUZB3,ITUB4,VBBR3,JBSS3"
4662,2026-05-02T09:16:46+00:00,2026-05-02T06:16:46-03:00,947,TH-PETR4-bullish-10607,PETR4,bullish,BULL_CALL_SPREAD,80.5787,4.8248,3.1405,"JBSS3,ABEV3,PETR4,LREN3,HAPV3"
4665,2026-05-02T09:17:13+00:00,2026-05-02T06:17:13-03:00,948,TH-B3SA3-bearish-12296,B3SA3,bearish,BEAR_PUT_SPREAD,70.2572,3.6688,4.1816,"RADL3,BBDC4,WEGE3,B3SA3,ITUB4,LREN3"
4668,2026-05-02T09:17:36+00:00,2026-05-02T06:17:36-03:00,949,TH-HAPV3-bearish-15648,HAPV3,bearish,BEAR_PUT_SPREAD,72.3877,3.9074,5.2,"B3SA3,LREN3,RADL3,GGBR4,HAPV3"
4671,2026-05-02T09:18:08+00:00,2026-05-02T06:18:08-03:00,950,TH-PETR4-bullish-3514,PETR4,bullish,BULL_CALL_SPREAD,80.5787,4.8248,3.1405,"PETR4,GGBR4,WEGE3,BPAC11,HAPV3,BBAS3"
4674,2026-05-02T09:18:46+00:00,2026-05-02T06:18:46-03:00,951,TH-PETR4-bullish-7287,PETR4,bullish,BULL_CALL_SPREAD,80.5787,4.8248,3.1405,"RADL3,PETR4,ITUB4,CMIG4,B3SA3,PRIO3,RENT3,RAIL3"
4677,2026-05-02T09:19:19+00:00,2026-05-02T06:19:19-03:00,952,TH-PETR4-bullish-3514,PETR4,bullish,BULL_CALL_SPREAD,80.5787,4.8248,3.1405,"PETR4,LREN3,BBDC4,CMIG4,RENT3,ABEV3"
4680,2026-05-02T09:19:49+00:00,2026-05-02T06:19:49-03:00,953,TH-PRIO3-bullish-9491,PRIO3,bullish,BULL_CALL_SPREAD,72.5161,3.9218,5.4,"RENT3,WEGE3,PRIO3,HAPV3,RADL3,ABEV3,BPAC11"
4683,2026-05-02T09:20:22+00:00,2026-05-02T06:20:22-03:00,954,TH-PETR4-bullish-12011,PETR4,bullish,BULL_CALL_SPREAD,80.5787,4.8248,3.1405,"BBAS3,VALE3,PETR4,GGBR4"
4686,2026-05-02T09:20:49+00:00,2026-05-02T06:20:49-03:00,955,TH-PETR4-bullish-3514,PETR4,bullish,BULL_CALL_SPREAD,80.5787,4.8248,3.1405,"PETR4,VBBR3,WEGE3,RAIL3,JBSS3"
4689,2026-05-02T09:21:18+00:00,2026-05-02T06:21:18-03:00,956,TH-PETR4-bullish-3514,PETR4,bullish,BULL_CALL_SPREAD,80.5787,4.8248,3.1405,"PETR4,BPAC11,JBSS3,WEGE3,RADL3"
4692,2026-05-02T09:21:53+00:00,2026-05-02T06:21:53-03:00,957,TH-PETR4-bullish-11510,PETR4,bullish,BULL_CALL_SPREAD,80.5787,4.8248,3.1405,"CMIG4,RADL3,PETR4,HAPV3,PRIO3,ITUB4,LREN3"
4695,2026-05-02T09:22:15+00:00,2026-05-02T06:22:15-03:00,958,TH-VALE3-bullish-9076,VALE3,bullish,BULL_CALL_SPREAD,71.7705,3.8383,2.7359,"ITUB4,VBBR3,VALE3,CMIG4"
4698,2026-05-02T09:22:51+00:00,2026-05-02T06:22:51-03:00,959,TH-PETR4-bullish-18487,PETR4,bullish,BULL_CALL_SPREAD,80.5787,4.8248,3.1405,"ITUB4,LREN3,BPAC11,WEGE3,PETR4,BBDC4,CMIG4"
4701,2026-05-02T09:23:19+00:00,2026-05-02T06:23:19-03:00,960,TH-BPAC11-bullish-13128,BPAC11,bullish,BULL_CALL_SPREAD,71.3538,3.7916,-2.2,"SUZB3,JBSS3,WEGE3,RAIL3,BPAC11,GGBR4,ABEV3"
4704,2026-05-02T09:23:53+00:00,2026-05-02T06:23:53-03:00,961,TH-PETR4-bullish-9845,PETR4,bullish,BULL_CALL_SPREAD,80.5787,4.8248,3.1405,"CMIG4,B3SA3,PETR4,VBBR3,LREN3,VALE3,ITUB4"
4707,2026-05-02T09:24:22+00:00,2026-05-02T06:24:22-03:00,962,TH-PRIO3-bullish-16295,PRIO3,bullish,BULL_CALL_SPREAD,72.5161,3.9218,5.4,"RAIL3,SUZB3,B3SA3,GGBR4,BBDC4,PRIO3,ITUB4"
4710,2026-05-02T09:24:47+00:00,2026-05-02T06:24:47-03:00,963,TH-HAPV3-bearish-14453,HAPV3,bearish,BEAR_PUT_SPREAD,72.3877,3.9074,5.2,"BPAC11,LREN3,VALE3,RAIL3,HAPV3,ITUB4"
4713,2026-05-02T09:25:17+00:00,2026-05-02T06:25:17-03:00,964,TH-PETR4-bullish-20717,PETR4,bullish,BULL_CALL_SPREAD,80.5787,4.8248,3.1405,"HAPV3,RAIL3,RENT3,ITUB4,BBAS3,PETR4"
4716,2026-05-02T09:25:46+00:00,2026-05-02T06:25:46-03:00,965,TH-PETR4-bullish-3514,PETR4,bullish,BULL_CALL_SPREAD,80.5787,4.8248,3.1405,"PETR4,PRIO3,WEGE3,BBDC4"
4719,2026-05-02T09:26:15+00:00,2026-05-02T06:26:15-03:00,966,TH-PRIO3-bullish-1072,PRIO3,bullish,BULL_CALL_SPREAD,72.5161,3.9218,5.4,"PRIO3,GGBR4,B3SA3,ITUB4,ABEV3,VBBR3"
4722,2026-05-02T09:26:47+00:00,2026-05-02T06:26:47-03:00,967,TH-BPAC11-bullish-0565,BPAC11,bullish,BULL_CALL_SPREAD,71.3538,3.7916,-2.2,"BPAC11,RENT3,BBDC4,LREN3,GGBR4,CMIG4,RADL3"
4725,2026-05-02T09:27:12+00:00,2026-05-02T06:27:12-03:00,968,TH-PETR4-bullish-5628,PETR4,bullish,BULL_CALL_SPREAD,80.5787,4.8248,3.1405,"HAPV3,PETR4,RAIL3,LREN3"
4728,2026-05-02T09:27:32+00:00,2026-05-02T06:27:32-03:00,969,TH-HAPV3-bearish-11516,HAPV3,bearish,BEAR_PUT_SPREAD,72.3877,3.9074,5.2,"JBSS3,WEGE3,SUZB3,HAPV3"
4731,2026-05-02T09:28:06+00:00,2026-05-02T06:28:06-03:00,970,TH-RENT3-bullish-4345,RENT3,bullish,BULL_CALL_SPREAD,70.5084,3.6969,-1.383,"GGBR4,RENT3,RADL3,VBBR3,ITUB4,BBDC4,RAIL3,CMIG4"
4734,2026-05-02T09:28:31+00:00,2026-05-02T06:28:31-03:00,971,TH-PRIO3-bullish-15120,PRIO3,bullish,BULL_CALL_SPREAD,72.5161,3.9218,5.4,"LREN3,VBBR3,GGBR4,HAPV3,SUZB3,PRIO3"
4737,2026-05-02T09:28:53+00:00,2026-05-02T06:28:53-03:00,972,TH-GGBR4-bullish-4319,GGBR4,bullish,BULL_CALL_SPREAD,70.4848,3.6943,-2.2,"WEGE3,GGBR4,BBAS3,VBBR3"
4740,2026-05-02T09:29:25+00:00,2026-05-02T06:29:25-03:00,973,TH-PRIO3-bullish-4361,PRIO3,bullish,BULL_CALL_SPREAD,72.5161,3.9218,5.4,"ABEV3,PRIO3,BBAS3,ITUB4,BPAC11,JBSS3,CMIG4"
4743,2026-05-02T09:29:48+00:00,2026-05-02T06:29:48-03:00,974,TH-HAPV3-bearish-9785,HAPV3,bearish,BEAR_PUT_SPREAD,72.3877,3.9074,5.2,"ITUB4,VALE3,HAPV3,WEGE3"
4746,2026-05-02T09:30:18+00:00,2026-05-02T06:30:18-03:00,975,TH-PETR4-bullish-18703,PETR4,bullish,BULL_CALL_SPREAD,80.5787,4.8248,3.1405,"B3SA3,RADL3,VBBR3,RENT3,JBSS3,PETR4"
4749,2026-05-02T09:30:42+00:00,2026-05-02T06:30:42-03:00,976,TH-PRIO3-bullish-9528,PRIO3,bullish,BULL_CALL_SPREAD,72.5161,3.9218,5.4,"CMIG4,VALE3,PRIO3,RADL3"
4752,2026-05-02T09:31:17+00:00,2026-05-02T06:31:17-03:00,977,TH-PETR4-bullish-3514,PETR4,bullish,BULL_CALL_SPREAD,80.5787,4.8248,3.1405,"PETR4,ITUB4,RAIL3,BPAC11,PRIO3,LREN3,VBBR3"
4755,2026-05-02T09:31:38+00:00,2026-05-02T06:31:38-03:00,978,TH-HAPV3-bearish-3519,HAPV3,bearish,BEAR_PUT_SPREAD,72.3877,3.9074,5.2,"SUZB3,HAPV3,VALE3,LREN3"
4758,2026-05-02T09:32:05+00:00,2026-05-02T06:32:05-03:00,979,TH-PETR4-bullish-12063,PETR4,bullish,BULL_CALL_SPREAD,80.5787,4.8248,3.1405,"BBDC4,GGBR4,PETR4,HAPV3"
4761,2026-05-02T09:32:33+00:00,2026-05-02T06:32:33-03:00,980,TH-HAPV3-bearish-22335,HAPV3,bearish,BEAR_PUT_SPREAD,72.3877,3.9074,5.2,"RADL3,B3SA3,RAIL3,ITUB4,RENT3,BBDC4,HAPV3"
4764,2026-05-02T09:33:00+00:00,2026-05-02T06:33:00-03:00,981,TH-PRIO3-bullish-1072,PRIO3,bullish,BULL_CALL_SPREAD,72.5161,3.9218,5.4,"PRIO3,ITUB4,BPAC11,JBSS3,SUZB3,HAPV3"
4767,2026-05-02T09:33:19+00:00,2026-05-02T06:33:19-03:00,982,TH-B3SA3-bearish-0016,B3SA3,bearish,BEAR_PUT_SPREAD,70.2572,3.6688,4.1816,"B3SA3,CMIG4,ABEV3,RADL3"
4770,2026-05-02T09:33:37+00:00,2026-05-02T06:33:37-03:00,983,TH-BPAC11-bullish-4205,BPAC11,bullish,BULL_CALL_SPREAD,71.3538,3.7916,-2.2,"VBBR3,RAIL3,BPAC11,RADL3"
4773,2026-05-02T09:34:09+00:00,2026-05-02T06:34:09-03:00,984,TH-PETR4-bullish-12715,PETR4,bullish,BULL_CALL_SPREAD,80.5787,4.8248,3.1405,"B3SA3,JBSS3,ABEV3,PETR4,RAIL3,VBBR3,BBDC4"
4776,2026-05-02T09:34:35+00:00,2026-05-02T06:34:35-03:00,985,TH-RENT3-bullish-0110,RENT3,bullish,BULL_CALL_SPREAD,70.5084,3.6969,-1.383,"RENT3,ABEV3,LREN3,CMIG4,ITUB4"
4779,2026-05-02T09:34:58+00:00,2026-05-02T06:34:58-03:00,986,TH-JBSS3-bullish-13144,JBSS3,bullish,BULL_CALL_SPREAD,71.172,3.7713,5.4,"LREN3,RAIL3,VBBR3,WEGE3,JBSS3"
4782,2026-05-02T09:35:24+00:00,2026-05-02T06:35:24-03:00,987,TH-HAPV3-bearish-20085,HAPV3,bearish,BEAR_PUT_SPREAD,72.3877,3.9074,5.2,"BBAS3,BPAC11,VBBR3,BBDC4,RAIL3,RENT3,HAPV3"
4785,2026-05-02T09:35:56+00:00,2026-05-02T06:35:56-03:00,988,TH-PETR4-bullish-12686,PETR4,bullish,BULL_CALL_SPREAD,80.5787,4.8248,3.1405,"ITUB4,B3SA3,PRIO3,PETR4,SUZB3,JBSS3"
4788,2026-05-02T09:36:26+00:00,2026-05-02T06:36:26-03:00,989,TH-JBSS3-bullish-21382,JBSS3,bullish,BULL_CALL_SPREAD,71.172,3.7713,5.4,"GGBR4,LREN3,ABEV3,VALE3,BBDC4,JBSS3"
4791,2026-05-02T09:37:00+00:00,2026-05-02T06:37:00-03:00,990,TH-PETR4-bullish-17428,PETR4,bullish,BULL_CALL_SPREAD,80.5787,4.8248,3.1405,"HAPV3,RADL3,JBSS3,CMIG4,PETR4,VBBR3,RAIL3,LREN3"
4794,2026-05-02T09:37:27+00:00,2026-05-02T06:37:27-03:00,991,TH-PETR4-bullish-3514,PETR4,bullish,BULL_CALL_SPREAD,80.5787,4.8248,3.1405,"PETR4,VBBR3,RADL3,ABEV3,RENT3"
4797,2026-05-02T09:37:54+00:00,2026-05-02T06:37:54-03:00,992,TH-PRIO3-bullish-12035,PRIO3,bullish,BULL_CALL_SPREAD,72.5161,3.9218,5.4,"RADL3,VBBR3,JBSS3,B3SA3,PRIO3,RENT3"
4800,2026-05-02T09:38:21+00:00,2026-05-02T06:38:21-03:00,993,TH-HAPV3-bearish-20112,HAPV3,bearish,BEAR_PUT_SPREAD,72.3877,3.9074,5.2,"ITUB4,GGBR4,RENT3,BPAC11,RADL3,HAPV3"
4803,2026-05-02T09:38:51+00:00,2026-05-02T06:38:51-03:00,994,TH-PRIO3-bullish-18421,PRIO3,bullish,BULL_CALL_SPREAD,72.5161,3.9218,5.4,"VALE3,ABEV3,BBDC4,VBBR3,GGBR4,PRIO3"
4806,2026-05-02T09:39:17+00:00,2026-05-02T06:39:17-03:00,995,TH-PETR4-bullish-4792,PETR4,bullish,BULL_CALL_SPREAD,80.5787,4.8248,3.1405,"VBBR3,PETR4,WEGE3,RENT3"
4809,2026-05-02T09:39:44+00:00,2026-05-02T06:39:44-03:00,996,TH-PETR4-bullish-16538,PETR4,bullish,BULL_CALL_SPREAD,80.5787,4.8248,3.1405,"WEGE3,BBAS3,ABEV3,VBBR3,PETR4"
4812,2026-05-02T09:40:19+00:00,2026-05-02T06:40:19-03:00,997,TH-PETR4-bullish-13222,PETR4,bullish,BULL_CALL_SPREAD,80.5787,4.8248,3.1405,"VBBR3,WEGE3,ITUB4,PETR4,GGBR4,B3SA3,HAPV3,SUZB3"
4815,2026-05-02T09:40:45+00:00,2026-05-02T06:40:45-03:00,998,TH-BPAC11-bullish-8531,BPAC11,bullish,BULL_CALL_SPREAD,71.3538,3.7916,-2.2,"WEGE3,RADL3,BPAC11,VALE3,ITUB4"
4818,2026-05-02T09:41:20+00:00,2026-05-02T06:41:20-03:00,999,TH-HAPV3-bearish-9745,HAPV3,bearish,BEAR_PUT_SPREAD,72.3877,3.9074,5.2,"ITUB4,WEGE3,HAPV3,VBBR3,ABEV3,VALE3,GGBR4,CMIG4"
4821,2026-05-02T09:41:55+00:00,2026-05-02T06:41:55-03:00,1000,TH-PETR4-bullish-22348,PETR4,bullish,BULL_CALL_SPREAD,80.5787,4.8248,3.1405,"RADL3,JBSS3,ITUB4,PRIO3,WEGE3,PETR4"
4824,2026-05-02T09:42:26+00:00,2026-05-02T06:42:26-03:00,1001,TH-PRIO3-bullish-17778,PRIO3,bullish,BULL_CALL_SPREAD,72.5161,3.9218,5.4,"RENT3,ITUB4,RADL3,B3SA3,RAIL3,PRIO3,BBDC4"
4827,2026-05-02T09:43:01+00:00,2026-05-02T06:43:01-03:00,1002,TH-PRIO3-bullish-5295,PRIO3,bullish,BULL_CALL_SPREAD,72.5161,3.9218,5.4,"CMIG4,PRIO3,GGBR4,SUZB3,BPAC11,JBSS3,RENT3,VALE3"
4830,2026-05-02T09:43:31+00:00,2026-05-02T06:43:31-03:00,1003,TH-PRIO3-bullish-9099,PRIO3,bullish,BULL_CALL_SPREAD,72.5161,3.9218,5.4,"JBSS3,CMIG4,PRIO3,VBBR3,B3SA3,RENT3,HAPV3"
4833,2026-05-02T09:44:00+00:00,2026-05-02T06:44:00-03:00,1004,TH-SUZB3-bullish-4715,SUZB3,bullish,BULL_CALL_SPREAD,71.2861,3.784,-0.3576,"ITUB4,SUZB3,B3SA3,WEGE3,RADL3,BBDC4,VBBR3"
4836,2026-05-02T09:44:34+00:00,2026-05-02T06:44:34-03:00,1005,TH-PETR4-bullish-3514,PETR4,bullish,BULL_CALL_SPREAD,80.5787,4.8248,3.1405,"PETR4,VBBR3,WEGE3,B3SA3,RENT3,RAIL3,SUZB3,GGBR4"
4839,2026-05-02T09:45:07+00:00,2026-05-02T06:45:07-03:00,1006,TH-PETR4-bullish-10102,PETR4,bullish,BULL_CALL_SPREAD,80.5787,4.8248,3.1405,"RAIL3,RENT3,PETR4,CMIG4,ABEV3,BBAS3"
4842,2026-05-02T09:45:28+00:00,2026-05-02T06:45:28-03:00,1007,TH-PRIO3-bullish-1072,PRIO3,bullish,BULL_CALL_SPREAD,72.5161,3.9218,5.4,"PRIO3,BPAC11,HAPV3,RAIL3"
4845,2026-05-02T09:46:07+00:00,2026-05-02T06:46:07-03:00,1008,TH-PETR4-bullish-10066,PETR4,bullish,BULL_CALL_SPREAD,80.5787,4.8248,3.1405,"RENT3,BPAC11,PETR4,LREN3,BBAS3,ABEV3,JBSS3,GGBR4"
4848,2026-05-02T09:46:32+00:00,2026-05-02T06:46:32-03:00,1009,TH-RENT3-bullish-4424,RENT3,bullish,BULL_CALL_SPREAD,70.5084,3.6969,-1.383,"BBDC4,RENT3,BBAS3,RADL3,RAIL3"
4851,2026-05-02T09:46:57+00:00,2026-05-02T06:46:57-03:00,1010,TH-JBSS3-bullish-13819,JBSS3,bullish,BULL_CALL_SPREAD,71.172,3.7713,5.4,"BBAS3,GGBR4,RENT3,JBSS3,ABEV3"
4854,2026-05-02T09:47:28+00:00,2026-05-02T06:47:28-03:00,1011,TH-PRIO3-bullish-4876,PRIO3,bullish,BULL_CALL_SPREAD,72.5161,3.9218,5.4,"JBSS3,PRIO3,BPAC11,GGBR4,LREN3,ITUB4"
4857,2026-05-02T09:48:01+00:00,2026-05-02T06:48:01-03:00,1012,TH-PRIO3-bullish-8587,PRIO3,bullish,BULL_CALL_SPREAD,72.5161,3.9218,5.4,"RENT3,ABEV3,PRIO3,VBBR3,CMIG4,BBAS3,HAPV3"
4860,2026-05-02T09:48:35+00:00,2026-05-02T06:48:35-03:00,1013,TH-BPAC11-bullish-17002,BPAC11,bullish,BULL_CALL_SPREAD,71.3538,3.7916,-2.2,"WEGE3,LREN3,JBSS3,CMIG4,BPAC11"
4863,2026-05-02T09:49:15+00:00,2026-05-02T06:49:15-03:00,1014,TH-BPAC11-bullish-0565,BPAC11,bullish,BULL_CALL_SPREAD,71.3538,3.7916,-2.2,"BPAC11,GGBR4,RADL3,CMIG4,BBAS3,VBBR3,WEGE3"
4866,2026-05-02T09:49:46+00:00,2026-05-02T06:49:46-03:00,1015,TH-PRIO3-bullish-13024,PRIO3,bullish,BULL_CALL_SPREAD,72.5161,3.9218,5.4,"VALE3,VBBR3,ITUB4,SUZB3,PRIO3"
4869,2026-05-02T09:50:13+00:00,2026-05-02T06:50:13-03:00,1016,TH-GGBR4-bullish-0126,GGBR4,bullish,BULL_CALL_SPREAD,70.4848,3.6943,-2.2,"GGBR4,BBAS3,VBBR3,WEGE3,ABEV3,B3SA3"
4872,2026-05-02T09:50:52+00:00,2026-05-02T06:50:52-03:00,1017,TH-PETR4-bullish-19368,PETR4,bullish,BULL_CALL_SPREAD,80.5787,4.8248,3.1405,"RENT3,RAIL3,GGBR4,SUZB3,PRIO3,PETR4,RADL3,VALE3"
4875,2026-05-02T09:51:30+00:00,2026-05-02T06:51:30-03:00,1018,TH-PETR4-bullish-7740,PETR4,bullish,BULL_CALL_SPREAD,80.5787,4.8248,3.1405,"RENT3,PETR4,RADL3,JBSS3,WEGE3,BBAS3,PRIO3"
4878,2026-05-02T09:51:57+00:00,2026-05-02T06:51:57-03:00,1019,TH-GGBR4-bullish-0126,GGBR4,bullish,BULL_CALL_SPREAD,70.4848,3.6943,-2.2,"GGBR4,VALE3,LREN3,ITUB4,RADL3"
4881,2026-05-02T09:52:20+00:00,2026-05-02T06:52:20-03:00,1020,TH-PRIO3-bullish-9783,PRIO3,bullish,BULL_CALL_SPREAD,72.5161,3.9218,5.4,"RAIL3,GGBR4,HAPV3,PRIO3,JBSS3"
4884,2026-05-02T09:52:41+00:00,2026-05-02T06:52:41-03:00,1021,TH-HAPV3-bearish-14009,HAPV3,bearish,BEAR_PUT_SPREAD,72.3877,3.9074,5.2,"BBAS3,WEGE3,ITUB4,HAPV3"
4887,2026-05-02T09:53:16+00:00,2026-05-02T06:53:16-03:00,1022,TH-PETR4-bullish-11219,PETR4,bullish,BULL_CALL_SPREAD,80.5787,4.8248,3.1405,"SUZB3,CMIG4,VBBR3,PETR4,LREN3,GGBR4,RADL3"
4890,2026-05-02T09:53:40+00:00,2026-05-02T06:53:40-03:00,1023,TH-PRIO3-bullish-11596,PRIO3,bullish,BULL_CALL_SPREAD,72.5161,3.9218,5.4,"LREN3,HAPV3,WEGE3,PRIO3"
4893,2026-05-02T09:54:19+00:00,2026-05-02T06:54:19-03:00,1024,TH-PRIO3-bullish-25326,PRIO3,bullish,BULL_CALL_SPREAD,72.5161,3.9218,5.4,"GGBR4,SUZB3,RADL3,VALE3,BBDC4,LREN3,VBBR3,PRIO3"
4896,2026-05-02T09:54:46+00:00,2026-05-02T06:54:46-03:00,1025,TH-PETR4-bullish-7707,PETR4,bullish,BULL_CALL_SPREAD,80.5787,4.8248,3.1405,"WEGE3,PETR4,PRIO3,RADL3"
4899,2026-05-02T09:55:07+00:00,2026-05-02T06:55:07-03:00,1026,TH-PRIO3-bullish-7444,PRIO3,bullish,BULL_CALL_SPREAD,72.5161,3.9218,5.4,"BBAS3,B3SA3,PRIO3,RAIL3"
4902,2026-05-02T09:55:42+00:00,2026-05-02T06:55:42-03:00,1027,TH-PRIO3-bullish-7202,PRIO3,bullish,BULL_CALL_SPREAD,72.5161,3.9218,5.4,"BPAC11,JBSS3,PRIO3,CMIG4,WEGE3,RADL3,BBDC4,ABEV3"
4905,2026-05-02T09:56:20+00:00,2026-05-02T06:56:20-03:00,1028,TH-PETR4-bullish-11974,PETR4,bullish,BULL_CALL_SPREAD,80.5787,4.8248,3.1405,"ITUB4,CMIG4,PETR4,JBSS3,RAIL3,VBBR3,VALE3,WEGE3"
4908,2026-05-02T09:56:51+00:00,2026-05-02T06:56:51-03:00,1029,TH-HAPV3-bearish-3519,HAPV3,bearish,BEAR_PUT_SPREAD,72.3877,3.9074,5.2,"SUZB3,HAPV3,VBBR3,BBAS3,BBDC4,VALE3,GGBR4,ABEV3"
4911,2026-05-02T09:57:17+00:00,2026-05-02T06:57:17-03:00,1030,TH-PETR4-bullish-3514,PETR4,bullish,BULL_CALL_SPREAD,80.5787,4.8248,3.1405,"PETR4,BPAC11,JBSS3,PRIO3"
4914,2026-05-02T09:57:38+00:00,2026-05-02T06:57:38-03:00,1031,TH-BPAC11-bullish-2673,BPAC11,bullish,BULL_CALL_SPREAD,71.3538,3.7916,-2.2,"B3SA3,BPAC11,BBDC4,JBSS3"
4917,2026-05-02T09:58:15+00:00,2026-05-02T06:58:15-03:00,1032,TH-PETR4-bullish-7707,PETR4,bullish,BULL_CALL_SPREAD,80.5787,4.8248,3.1405,"WEGE3,PETR4,BBAS3,LREN3,RAIL3,PRIO3,BBDC4"
4920,2026-05-02T09:58:44+00:00,2026-05-02T06:58:44-03:00,1033,TH-PETR4-bullish-14454,PETR4,bullish,BULL_CALL_SPREAD,80.5787,4.8248,3.1405,"RAIL3,BBAS3,BBDC4,PETR4,ITUB4"
4923,2026-05-02T09:59:10+00:00,2026-05-02T06:59:10-03:00,1034,TH-PETR4-bullish-15786,PETR4,bullish,BULL_CALL_SPREAD,80.5787,4.8248,3.1405,"VALE3,GGBR4,JBSS3,PETR4"
4926,2026-05-02T09:59:45+00:00,2026-05-02T06:59:45-03:00,1035,TH-RENT3-bullish-2218,RENT3,bullish,BULL_CALL_SPREAD,70.5084,3.6969,-1.383,"B3SA3,RENT3,GGBR4,VALE3,RAIL3,RADL3,ITUB4,CMIG4"
4929,2026-05-02T10:00:18+00:00,2026-05-02T07:00:18-03:00,1036,TH-PRIO3-bullish-1072,PRIO3,bullish,BULL_CALL_SPREAD,72.5161,3.9218,5.4,"PRIO3,BPAC11,RENT3,BBDC4,ABEV3,VALE3,ITUB4"
4932,2026-05-02T10:00:40+00:00,2026-05-02T07:00:40-03:00,1037,TH-GGBR4-bullish-4319,GGBR4,bullish,BULL_CALL_SPREAD,70.4848,3.6943,-2.2,"WEGE3,GGBR4,VALE3,VBBR3"
4935,2026-05-02T10:01:18+00:00,2026-05-02T07:01:18-03:00,1038,TH-PRIO3-bullish-1072,PRIO3,bullish,BULL_CALL_SPREAD,72.5161,3.9218,5.4,"PRIO3,RADL3,CMIG4,HAPV3,WEGE3,RENT3,BBAS3,BPAC11"
4938,2026-05-02T10:01:47+00:00,2026-05-02T07:01:47-03:00,1039,TH-JBSS3-bullish-6607,JBSS3,bullish,BULL_CALL_SPREAD,71.172,3.7713,5.4,"VBBR3,GGBR4,JBSS3,WEGE3,VALE3,BBAS3"
4941,2026-05-02T10:02:22+00:00,2026-05-02T07:02:22-03:00,1040,TH-PRIO3-bullish-17957,PRIO3,bullish,BULL_CALL_SPREAD,72.5161,3.9218,5.4,"JBSS3,ITUB4,SUZB3,BBDC4,BPAC11,PRIO3,B3SA3"
4944,2026-05-02T10:02:53+00:00,2026-05-02T07:02:53-03:00,1041,TH-SUZB3-bullish-12574,SUZB3,bullish,BULL_CALL_SPREAD,71.2861,3.784,-0.3576,"RAIL3,VALE3,CMIG4,VBBR3,SUZB3,WEGE3"
4947,2026-05-02T10:03:21+00:00,2026-05-02T07:03:21-03:00,1042,TH-JBSS3-bullish-5317,JBSS3,bullish,BULL_CALL_SPREAD,71.172,3.7713,5.4,"CMIG4,JBSS3,RAIL3,VBBR3,ABEV3"
4950,2026-05-02T10:03:57+00:00,2026-05-02T07:03:57-03:00,1043,TH-PETR4-bullish-5628,PETR4,bullish,BULL_CALL_SPREAD,80.5787,4.8248,3.1405,"HAPV3,PETR4,VBBR3,PRIO3,BBDC4,RAIL3"
4953,2026-05-02T10:04:35+00:00,2026-05-02T07:04:35-03:00,1044,TH-PRIO3-bullish-12886,PRIO3,bullish,BULL_CALL_SPREAD,72.5161,3.9218,5.4,"JBSS3,ITUB4,RADL3,PRIO3,CMIG4,LREN3"
4956,2026-05-02T10:05:13+00:00,2026-05-02T07:05:13-03:00,1045,TH-RENT3-bullish-22942,RENT3,bullish,BULL_CALL_SPREAD,70.5084,3.6969,-1.383,"RADL3,VALE3,BBAS3,B3SA3,LREN3,ITUB4,RENT3"
4959,2026-05-02T10:05:46+00:00,2026-05-02T07:05:46-03:00,1046,TH-PRIO3-bullish-5506,PRIO3,bullish,BULL_CALL_SPREAD,72.5161,3.9218,5.4,"B3SA3,BPAC11,PRIO3,RENT3,WEGE3,GGBR4"
4962,2026-05-02T10:06:23+00:00,2026-05-02T07:06:23-03:00,1047,TH-BPAC11-bullish-13278,BPAC11,bullish,BULL_CALL_SPREAD,71.3538,3.7916,-2.2,"RENT3,CMIG4,BBAS3,BPAC11,ITUB4,ABEV3"
4965,2026-05-02T10:06:47+00:00,2026-05-02T07:06:47-03:00,1048,TH-PRIO3-bullish-3276,PRIO3,bullish,BULL_CALL_SPREAD,72.5161,3.9218,5.4,"SUZB3,PRIO3,RAIL3,RENT3"
4970,2026-05-02T10:07:30+00:00,2026-05-02T07:07:30-03:00,1049,TH-PETR4-bullish-3514,PETR4,bullish,BULL_CALL_SPREAD,80.5787,4.8248,3.1405,"PETR4,RADL3,RAIL3,ITUB4,PRIO3,LREN3,CMIG4"
4973,2026-05-02T10:08:04+00:00,2026-05-02T07:08:04-03:00,1050,TH-PETR4-bullish-3514,PETR4,bullish,BULL_CALL_SPREAD,80.5787,4.8248,3.1405,"PETR4,GGBR4,RENT3,LREN3,BPAC11,ITUB4"
4976,2026-05-02T10:08:33+00:00,2026-05-02T07:08:33-03:00,1051,TH-PETR4-bullish-3514,PETR4,bullish,BULL_CALL_SPREAD,80.5787,4.8248,3.1405,"PETR4,B3SA3,WEGE3,HAPV3,BPAC11,VALE3"
4979,2026-05-02T10:09:07+00:00,2026-05-02T07:09:07-03:00,1052,TH-BPAC11-bullish-4829,BPAC11,bullish,BULL_CALL_SPREAD,71.3538,3.7916,-2.2,"BBAS3,BPAC11,VALE3,ITUB4,VBBR3,RAIL3,LREN3,B3SA3"
4982,2026-05-02T10:09:29+00:00,2026-05-02T07:09:29-03:00,1053,TH-B3SA3-bearish-11271,B3SA3,bearish,BEAR_PUT_SPREAD,70.2572,3.6688,4.1816,"WEGE3,ABEV3,RADL3,B3SA3,RAIL3"
4985,2026-05-02T10:10:02+00:00,2026-05-02T07:10:02-03:00,1054,TH-HAPV3-bearish-13571,HAPV3,bearish,BEAR_PUT_SPREAD,72.3877,3.9074,5.2,"JBSS3,LREN3,GGBR4,HAPV3,RENT3,BBDC4,BBAS3"
4988,2026-05-02T10:10:36+00:00,2026-05-02T07:10:36-03:00,1055,TH-PETR4-bullish-7737,PETR4,bullish,BULL_CALL_SPREAD,80.5787,4.8248,3.1405,"CMIG4,PETR4,LREN3,WEGE3,BBAS3,PRIO3"
